0:00:00.017004 | INFO | __init__ | 45 | 

        ****************************
        * Initialsing EcsWorld API *
        ****************************

        
0:00:00.018003 | INFO | __init__ | 56 | 

**** entity & archetype indexs initialised ****

0:00:00.018003 | INFO | __init__ | 59 | 

**** graveyard initialised ****

0:00:00.018003 | INFO | __init__ | 62 | 

**** built-in ecs type identifers initialising ****

0:00:00.018003 | INFO | __bootstrap_ecs_component | 135 | 

**** bootstrapping EcsComponent ****

0:00:00.018003 | INFO | __bootstrap_ecs_component | 141 | Archetype type and entity will show as None, ignore for now.
0:00:00.018003 | INFO | archetype | 407 | registered archetype to the world: (type=(None,))

0:00:00.018003 | DEBUG | archetype | 408 | 
                - ENTITIES:  (None,)
                - COLUMN_MAP: [0]
                - COLUMNS:    [[ComponentRecord(type=type, archetype_map=ArchetypeMap(0 archetypes))]]

            
0:00:00.018003 | INFO | __bootstrap_ecs_component | 162 | 

**** bootstrapped EcsComponent ****

0:00:00.018003 | INFO | __bootstrap_ecs_tag | 176 | 

**** bootstrapping EcsTag ****

0:00:00.018003 | INFO | archetype | 407 | registered archetype to the world: (type=('EcsComponent', None))

0:00:00.018003 | DEBUG | archetype | 408 | 
                - ENTITIES:  (None,)
                - COLUMN_MAP: [0, -1]
                - COLUMNS:    [[ComponentRecord(type=type, archetype_map=ArchetypeMap(0 archetypes))]]

            
0:00:00.018003 | INFO | __bootstrap_ecs_tag | 202 | 

**** bootstrapped EcsTag ****

0:00:00.018003 | INFO | __bootstrap_ecs_entity | 209 | bootstrapping EcsEntity.
0:00:00.018003 | INFO | tag | 301 | registered tag to world: (id=3, name=EcsEntity)

0:00:00.018003 | INFO | archetype | 407 | registered archetype to the world: (type=('EcsEntity',))

0:00:00.018003 | DEBUG | archetype | 408 | 
                - ENTITIES:  ()
                - COLUMN_MAP: [-1]
                - COLUMNS:    []

            
0:00:00.018003 | INFO | tag | 301 | registered tag to world: (id=4, name=EcsRelationship)

0:00:00.018003 | INFO | tag | 301 | registered tag to world: (id=5, name=EcsPair)

0:00:00.018003 | INFO | __init__ | 71 | 

**** built-in ecs type identifers initialised ****

0:00:00.018003 | INFO | __init__ | 74 | 

**** built-in ecs traits initialising ****

0:00:00.018003 | INFO | tag | 301 | registered tag to world: (id=6, name=EcsPairIsTag)

0:00:00.018003 | INFO | tag | 301 | registered tag to world: (id=7, name=EcsFinal)

0:00:00.018003 | INFO | tag | 301 | registered tag to world: (id=8, name=EcsOnInstantiate)

0:00:00.018003 | INFO | ecs_add | 626 | 

  ---- ADDING COMPONENTS TO ENTITY ----

0:00:00.018003 | DEBUG | ecs_add | 629 |  - Entity(id=8, name=EcsOnInstantiate) + Components('EcsRelationship',)

0:00:00.018003 | DEBUG | __move_entity | 518 | moving entity archetype: Entity(id=8, name=EcsOnInstantiate) with Components('EcsRelationship',) on is_add

0:00:00.018003 | DEBUG | traverse_archetype_cache | 966 | Constructed a new component cache for component: Component(id=4, name=EcsRelationship)
0:00:00.018003 | DEBUG | traverse_archetype_cache | 969 | Creating archetype cache for component: Component(id=4, name=EcsRelationship) with key add
0:00:00.018003 | DEBUG | construct_destination_archetype_for_add_edge | 1087 | filtered source_components: [1, 2]
0:00:00.019002 | INFO | construct_destination_archetype_for_add_edge | 1093 | Constructed destination components for add_edge: Components('EcsComponent', 'EcsTag', 'EcsRelationship')
0:00:00.019002 | INFO | __register_archetype_to_component | 470 | registered archetype to component: Archetype(type=('EcsComponent', 'EcsTag', 'EcsRelationship')) (component=1, component_name=EcsComponent) 
0:00:00.019002 | INFO | __register_archetype_to_component | 470 | registered archetype to component: Archetype(type=('EcsComponent', 'EcsTag', 'EcsRelationship')) (component=2, component_name=EcsTag) 
0:00:00.019002 | INFO | __register_archetype_to_component | 470 | registered archetype to component: Archetype(type=('EcsComponent', 'EcsTag', 'EcsRelationship')) (component=4, component_name=EcsRelationship) 
0:00:00.019002 | INFO | archetype | 407 | registered archetype to the world: (type=('EcsComponent', 'EcsTag', 'EcsRelationship'))

0:00:00.019002 | DEBUG | archetype | 408 | 
                - ENTITIES:  ()
                - COLUMN_MAP: [0, -1, -1]
                - COLUMNS:    [[]]

            
0:00:00.019002 | DEBUG | traverse_archetype_cache | 977 | Cached archetype_record in archetype_cache: Archetype(type=('EcsComponent', 'EcsTag', 'EcsRelationship')) for Component(id=4, name=EcsRelationship) with key add
0:00:00.019002 | INFO | traverse_archetype_cache | 983 | Traversed archetype_cache getting destination_archetype: Archetype(type=('EcsComponent', 'EcsTag', 'EcsRelationship'))
0:00:00.019002 | INFO | __pop_entity_from | 606 | popped entity from archetype: EntityData(<Stack(size=1, top=ComponentRecord(type=type, archetype_map=ArchetypeMap(0 archetypes)))>: [ComponentRecord(type=type, archetype_map=ArchetypeMap(0 archetypes))])
0:00:00.019002 | INFO | __move_entity | 558 | moved entity from source to destination archetype: Entity(id=8, name=EcsOnInstantiate) from Source(type=('EcsComponent', 'EcsTag')) to Destination(type=('EcsComponent', 'EcsTag', 'EcsRelationship'))
0:00:00.019002 | INFO | ecs_add | 632 | 

  ---- ADDED COMPONENTS TO ENTITY ----

0:00:00.019002 | INFO | relationship | 323 | registered relationship to world: (id=8, name=EcsOnInstantiate)

0:00:00.019002 | INFO | tag | 301 | registered tag to world: (id=9, name=EcsDontInherit)

0:00:00.019002 | INFO | tag | 301 | registered tag to world: (id=10, name=EcsExclusive)

0:00:00.019002 | INFO | tag | 301 | registered tag to world: (id=11, name=EcsSymmetric)

0:00:00.019002 | INFO | component | 279 | registered component to world: (id=12, name=EcsCanToggle)

0:00:00.019002 | INFO | __init__ | 90 | 

**** built-in ecs traits initialised ****

0:00:00.019002 | INFO | __init__ | 93 | 

**** built-in ecs relationships initialising ****

0:00:00.019002 | INFO | tag | 301 | registered tag to world: (id=13, name=EcsWildcard)

0:00:00.019002 | INFO | ecs_add | 626 | 

  ---- ADDING COMPONENTS TO ENTITY ----

0:00:00.019002 | DEBUG | ecs_add | 629 |  - Entity(id=13, name=EcsWildcard) + Components('EcsRelationship',)

0:00:00.019002 | DEBUG | __move_entity | 518 | moving entity archetype: Entity(id=13, name=EcsWildcard) with Components('EcsRelationship',) on is_add

0:00:00.020002 | INFO | traverse_archetype_cache | 983 | Traversed archetype_cache getting destination_archetype: Archetype(type=('EcsComponent', 'EcsTag', 'EcsRelationship'))
0:00:00.020002 | INFO | __pop_entity_from | 606 | popped entity from archetype: EntityData(<Stack(size=1, top=ComponentRecord(type=type, archetype_map=ArchetypeMap(0 archetypes)))>: [ComponentRecord(type=type, archetype_map=ArchetypeMap(0 archetypes))])
0:00:00.020002 | INFO | __move_entity | 558 | moved entity from source to destination archetype: Entity(id=13, name=EcsWildcard) from Source(type=('EcsComponent', 'EcsTag')) to Destination(type=('EcsComponent', 'EcsTag', 'EcsRelationship'))
0:00:00.020002 | INFO | ecs_add | 632 | 

  ---- ADDED COMPONENTS TO ENTITY ----

0:00:00.020002 | INFO | relationship | 323 | registered relationship to world: (id=13, name=EcsWildcard)

0:00:00.020002 | INFO | tag | 301 | registered tag to world: (id=14, name=EcsIsA)

0:00:00.020002 | INFO | ecs_add | 626 | 

  ---- ADDING COMPONENTS TO ENTITY ----

0:00:00.020002 | DEBUG | ecs_add | 629 |  - Entity(id=14, name=EcsIsA) + Components('EcsRelationship',)

0:00:00.020002 | DEBUG | __move_entity | 518 | moving entity archetype: Entity(id=14, name=EcsIsA) with Components('EcsRelationship',) on is_add

0:00:00.020002 | INFO | traverse_archetype_cache | 983 | Traversed archetype_cache getting destination_archetype: Archetype(type=('EcsComponent', 'EcsTag', 'EcsRelationship'))
0:00:00.020002 | INFO | __pop_entity_from | 606 | popped entity from archetype: EntityData(<Stack(size=1, top=ComponentRecord(type=type, archetype_map=ArchetypeMap(0 archetypes)))>: [ComponentRecord(type=type, archetype_map=ArchetypeMap(0 archetypes))])
0:00:00.020002 | INFO | __move_entity | 558 | moved entity from source to destination archetype: Entity(id=14, name=EcsIsA) from Source(type=('EcsComponent', 'EcsTag')) to Destination(type=('EcsComponent', 'EcsTag', 'EcsRelationship'))
0:00:00.020002 | INFO | ecs_add | 632 | 

  ---- ADDED COMPONENTS TO ENTITY ----

0:00:00.020002 | INFO | relationship | 323 | registered relationship to world: (id=14, name=EcsIsA)

0:00:00.020002 | INFO | tag | 301 | registered tag to world: (id=15, name=EcsChildOf)

0:00:00.020002 | INFO | ecs_add | 626 | 

  ---- ADDING COMPONENTS TO ENTITY ----

0:00:00.020002 | DEBUG | ecs_add | 629 |  - Entity(id=15, name=EcsChildOf) + Components('EcsRelationship',)

0:00:00.020002 | DEBUG | __move_entity | 518 | moving entity archetype: Entity(id=15, name=EcsChildOf) with Components('EcsRelationship',) on is_add

0:00:00.020002 | INFO | traverse_archetype_cache | 983 | Traversed archetype_cache getting destination_archetype: Archetype(type=('EcsComponent', 'EcsTag', 'EcsRelationship'))
0:00:00.020002 | INFO | __pop_entity_from | 606 | popped entity from archetype: EntityData(<Stack(size=1, top=ComponentRecord(type=type, archetype_map=ArchetypeMap(0 archetypes)))>: [ComponentRecord(type=type, archetype_map=ArchetypeMap(0 archetypes))])
0:00:00.020002 | INFO | __move_entity | 558 | moved entity from source to destination archetype: Entity(id=15, name=EcsChildOf) from Source(type=('EcsComponent', 'EcsTag')) to Destination(type=('EcsComponent', 'EcsTag', 'EcsRelationship'))
0:00:00.020002 | INFO | ecs_add | 632 | 

  ---- ADDED COMPONENTS TO ENTITY ----

0:00:00.020002 | INFO | relationship | 323 | registered relationship to world: (id=15, name=EcsChildOf)

0:00:00.020002 | INFO | ecs_add | 626 | 

  ---- ADDING COMPONENTS TO ENTITY ----

0:00:00.020002 | DEBUG | ecs_add | 629 |  - Entity(id=15, name=EcsChildOf) + Components('EcsExclusive',)

0:00:00.020002 | DEBUG | __move_entity | 518 | moving entity archetype: Entity(id=15, name=EcsChildOf) with Components('EcsExclusive',) on is_add

0:00:00.020002 | DEBUG | traverse_archetype_cache | 966 | Constructed a new component cache for component: Component(id=10, name=EcsExclusive)
0:00:00.020002 | DEBUG | traverse_archetype_cache | 969 | Creating archetype cache for component: Component(id=10, name=EcsExclusive) with key add
0:00:00.020002 | DEBUG | construct_destination_archetype_for_add_edge | 1087 | filtered source_components: [1, 2, 4]
0:00:00.020002 | INFO | construct_destination_archetype_for_add_edge | 1093 | Constructed destination components for add_edge: Components('EcsComponent', 'EcsTag', 'EcsRelationship', 'EcsExclusive')
0:00:00.020002 | INFO | __register_archetype_to_component | 470 | registered archetype to component: Archetype(type=('EcsComponent', 'EcsTag', 'EcsRelationship', 'EcsExclusive')) (component=1, component_name=EcsComponent) 
0:00:00.020002 | INFO | __register_archetype_to_component | 470 | registered archetype to component: Archetype(type=('EcsComponent', 'EcsTag', 'EcsRelationship', 'EcsExclusive')) (component=2, component_name=EcsTag) 
0:00:00.020002 | INFO | __register_archetype_to_component | 470 | registered archetype to component: Archetype(type=('EcsComponent', 'EcsTag', 'EcsRelationship', 'EcsExclusive')) (component=4, component_name=EcsRelationship) 
0:00:00.020002 | INFO | __register_archetype_to_component | 470 | registered archetype to component: Archetype(type=('EcsComponent', 'EcsTag', 'EcsRelationship', 'EcsExclusive')) (component=10, component_name=EcsExclusive) 
0:00:00.020002 | INFO | archetype | 407 | registered archetype to the world: (type=('EcsComponent', 'EcsTag', 'EcsRelationship', 'EcsExclusive'))

0:00:00.020002 | DEBUG | archetype | 408 | 
                - ENTITIES:  ()
                - COLUMN_MAP: [0, -1, -1, -1]
                - COLUMNS:    [[]]

            
0:00:00.020002 | DEBUG | traverse_archetype_cache | 977 | Cached archetype_record in archetype_cache: Archetype(type=('EcsComponent', 'EcsTag', 'EcsRelationship', 'EcsExclusive')) for Component(id=10, name=EcsExclusive) with key add
0:00:00.020002 | INFO | traverse_archetype_cache | 983 | Traversed archetype_cache getting destination_archetype: Archetype(type=('EcsComponent', 'EcsTag', 'EcsRelationship', 'EcsExclusive'))
0:00:00.020002 | INFO | __pop_entity_from | 606 | popped entity from archetype: EntityData(<Stack(size=1, top=ComponentRecord(type=type, archetype_map=ArchetypeMap(0 archetypes)))>: [ComponentRecord(type=type, archetype_map=ArchetypeMap(0 archetypes))])
0:00:00.020002 | INFO | __move_entity | 558 | moved entity from source to destination archetype: Entity(id=15, name=EcsChildOf) from Source(type=('EcsComponent', 'EcsTag', 'EcsRelationship')) to Destination(type=('EcsComponent', 'EcsTag', 'EcsRelationship', 'EcsExclusive'))
0:00:00.021003 | INFO | ecs_add | 632 | 

  ---- ADDED COMPONENTS TO ENTITY ----

0:00:00.021003 | INFO | tag | 301 | registered tag to world: (id=16, name=EcsWith)

0:00:00.021003 | INFO | ecs_add | 626 | 

  ---- ADDING COMPONENTS TO ENTITY ----

0:00:00.021003 | DEBUG | ecs_add | 629 |  - Entity(id=16, name=EcsWith) + Components('EcsRelationship',)

0:00:00.021003 | DEBUG | __move_entity | 518 | moving entity archetype: Entity(id=16, name=EcsWith) with Components('EcsRelationship',) on is_add

0:00:00.021003 | INFO | traverse_archetype_cache | 983 | Traversed archetype_cache getting destination_archetype: Archetype(type=('EcsComponent', 'EcsTag', 'EcsRelationship'))
0:00:00.021003 | INFO | __pop_entity_from | 606 | popped entity from archetype: EntityData(<Stack(size=1, top=ComponentRecord(type=type, archetype_map=ArchetypeMap(0 archetypes)))>: [ComponentRecord(type=type, archetype_map=ArchetypeMap(0 archetypes))])
0:00:00.021003 | INFO | __move_entity | 558 | moved entity from source to destination archetype: Entity(id=16, name=EcsWith) from Source(type=('EcsComponent', 'EcsTag')) to Destination(type=('EcsComponent', 'EcsTag', 'EcsRelationship'))
0:00:00.021003 | INFO | ecs_add | 632 | 

  ---- ADDED COMPONENTS TO ENTITY ----

0:00:00.021003 | INFO | relationship | 323 | registered relationship to world: (id=16, name=EcsWith)

0:00:00.021003 | INFO | __init__ | 117 | 

**** built-in ecs relationships initialised ****

0:00:00.021003 | SUCCESS | __init__ | 119 | 

        ****************************
        * Initialised EcsWorld API *
        ****************************

        
0:00:00.024002 | INFO | component | 279 | registered component to world: (id=17, name=DummyComponent)

0:00:00.024002 | INFO | entity | 255 | registered entity to world: (id=18, name=UnnamedEntity)

0:00:00.024002 | INFO | entity | 255 | registered entity to world: (id=19, name=Dummy)

0:00:00.024002 | INFO | entity | 255 | registered entity to world: (id=20, name=DummyShield)

0:00:00.024002 | INFO | component | 279 | registered component to world: (id=21, name=DummyDefense)

0:00:00.024002 | INFO | ecs_add | 626 | 

  ---- ADDING COMPONENTS TO ENTITY ----

0:00:00.024002 | DEBUG | ecs_add | 629 |  - Entity(id=20, name=DummyShield) + Components('DummyDefense',)

0:00:00.024002 | DEBUG | __move_entity | 518 | moving entity archetype: Entity(id=20, name=DummyShield) with Components('DummyDefense',) on is_add

0:00:00.024002 | DEBUG | traverse_archetype_cache | 966 | Constructed a new component cache for component: Component(id=21, name=DummyDefense)
0:00:00.025002 | DEBUG | traverse_archetype_cache | 969 | Creating archetype cache for component: Component(id=21, name=DummyDefense) with key add
0:00:00.025002 | INFO | __get_ecs_with_components_from | 839 | Getting all components connected through ecs_with trait from component DummyDefense
0:00:00.025002 | INFO | tag | 301 | registered tag to world: (id=55834574864, name=EcsWithEcsWildcard)

0:00:00.025002 | INFO | ecs_add | 627 | 

        ____ADDING WILDCARD____


0:00:00.025002 | DEBUG | ecs_add | 629 |  - Entity(id=55834574864, name=EcsWithEcsWildcard) + Components('EcsPair',)

0:00:00.025002 | DEBUG | __move_entity | 518 | moving entity archetype: Entity(id=55834574864, name=EcsWithEcsWildcard) with Components('EcsPair',) on is_add

0:00:00.025002 | DEBUG | traverse_archetype_cache | 966 | Constructed a new component cache for component: Component(id=5, name=EcsPair)
0:00:00.025002 | DEBUG | traverse_archetype_cache | 969 | Creating archetype cache for component: Component(id=5, name=EcsPair) with key add
0:00:00.025002 | INFO | __get_ecs_with_components_from | 839 | Getting all components connected through ecs_with trait from component EcsPair
0:00:00.025002 | DEBUG | pair | 346 | returning existing pair: (pair=55834574864, name=EcsWithEcsWildcard)

0:00:00.025002 | DEBUG | __get_ecs_with_components_from | 867 | returning components from get_ecs_with_components: ()
0:00:00.025002 | DEBUG | construct_destination_archetype_for_add_edge | 1087 | filtered source_components: [1, 2]
0:00:00.025002 | INFO | construct_destination_archetype_for_add_edge | 1093 | Constructed destination components for add_edge: Components('EcsComponent', 'EcsTag', 'EcsPair')
0:00:00.025002 | INFO | __register_archetype_to_component | 470 | registered archetype to component: Archetype(type=('EcsComponent', 'EcsTag', 'EcsPair')) (component=1, component_name=EcsComponent) 
0:00:00.025002 | INFO | __register_archetype_to_component | 470 | registered archetype to component: Archetype(type=('EcsComponent', 'EcsTag', 'EcsPair')) (component=2, component_name=EcsTag) 
0:00:00.025002 | INFO | __register_archetype_to_component | 470 | registered archetype to component: Archetype(type=('EcsComponent', 'EcsTag', 'EcsPair')) (component=5, component_name=EcsPair) 
0:00:00.025002 | INFO | archetype | 407 | registered archetype to the world: (type=('EcsComponent', 'EcsTag', 'EcsPair'))

0:00:00.025002 | DEBUG | archetype | 408 | 
                - ENTITIES:  ()
                - COLUMN_MAP: [0, -1, -1]
                - COLUMNS:    [[]]

            
0:00:00.025002 | DEBUG | traverse_archetype_cache | 977 | Cached archetype_record in archetype_cache: Archetype(type=('EcsComponent', 'EcsTag', 'EcsPair')) for Component(id=5, name=EcsPair) with key add
0:00:00.025002 | INFO | traverse_archetype_cache | 983 | Traversed archetype_cache getting destination_archetype: Archetype(type=('EcsComponent', 'EcsTag', 'EcsPair'))
0:00:00.025002 | INFO | __pop_entity_from | 606 | popped entity from archetype: EntityData(<Stack(size=1, top=ComponentRecord(type=type, archetype_map=ArchetypeMap(0 archetypes)))>: [ComponentRecord(type=type, archetype_map=ArchetypeMap(0 archetypes))])
0:00:00.025002 | INFO | __move_entity | 558 | moved entity from source to destination archetype: Entity(id=55834574864, name=EcsWithEcsWildcard) from Source(type=('EcsComponent', 'EcsTag')) to Destination(type=('EcsComponent', 'EcsTag', 'EcsPair'))
0:00:00.025002 | INFO | ecs_add | 633 | 

        ____ADDED WILDCARD___

0:00:00.025002 | INFO | pair | 375 | registered pair to the world (id=55834574864, name=EcsWithEcsWildcard, type=None)

0:00:00.025002 | DEBUG | __get_ecs_with_components_from | 867 | returning components from get_ecs_with_components: ()
0:00:00.025002 | DEBUG | construct_destination_archetype_for_add_edge | 1087 | filtered source_components: [3]
0:00:00.025002 | INFO | construct_destination_archetype_for_add_edge | 1093 | Constructed destination components for add_edge: Components('EcsEntity', 'DummyDefense')
0:00:00.025002 | INFO | __register_archetype_to_component | 470 | registered archetype to component: Archetype(type=('EcsEntity', 'DummyDefense')) (component=3, component_name=EcsEntity) 
0:00:00.025002 | INFO | __register_archetype_to_component | 470 | registered archetype to component: Archetype(type=('EcsEntity', 'DummyDefense')) (component=21, component_name=DummyDefense) 
0:00:00.025002 | INFO | archetype | 407 | registered archetype to the world: (type=('EcsEntity', 'DummyDefense'))

0:00:00.025002 | DEBUG | archetype | 408 | 
                - ENTITIES:  ()
                - COLUMN_MAP: [-1, 0]
                - COLUMNS:    [[]]

            
0:00:00.025002 | DEBUG | traverse_archetype_cache | 977 | Cached archetype_record in archetype_cache: Archetype(type=('EcsEntity', 'DummyDefense')) for Component(id=21, name=DummyDefense) with key add
0:00:00.025002 | INFO | traverse_archetype_cache | 983 | Traversed archetype_cache getting destination_archetype: Archetype(type=('EcsEntity', 'DummyDefense'))
0:00:00.025002 | INFO | __pop_entity_from | 606 | popped entity from archetype: EntityData(<Stack(size=0, top=None)>: [])
0:00:00.025002 | INFO | __move_entity | 558 | moved entity from source to destination archetype: Entity(id=20, name=DummyShield) from Source(type=('EcsEntity',)) to Destination(type=('EcsEntity', 'DummyDefense'))
0:00:00.025002 | INFO | ecs_add | 632 | 

  ---- ADDED COMPONENTS TO ENTITY ----

0:00:00.025002 | DEBUG | get_component | 751 | got component_instance for entity: DummyDefense(defense=100)
0:00:00.026002 | INFO | ecs_set | 664 | 
            Setting component attributes:

            ENTITY:
                - ID:   20
                - NAME: DummyShield
                        
            COMPONENT:
                - ID:   21
                - NAME: DummyDefense

            ATTRIBUTES: {'defense': 1000, 'invalid_attribute': 10000}
            
            
0:00:00.026002 | DEBUG | get_component | 751 | got component_instance for entity: DummyDefense(defense=100)
0:00:00.026002 | DEBUG | ecs_set | 708 | Succesfully got_component without inheritance: DummyDefense(defense=100)
0:00:00.026002 | DEBUG | ecs_set | 713 | Setting defense to 1000
0:00:00.026002 | SUCCESS | ecs_set | 716 | Successfully set entity components.
0:00:00.026002 | DEBUG | get_component | 751 | got component_instance for entity: DummyDefense(defense=1000)
0:00:00.026002 | DEBUG | get_component | 751 | got component_instance for entity: ComponentRecord(type=type, archetype_map=ArchetypeMap(5 archetypes))
0:00:00.026002 | INFO | archetype | 415 | retrieved archetype from world: (type=('EcsComponent', 'EcsTag'))
0:00:00.026002 | INFO | component | 279 | registered component to world: (id=22, name=Sharpness)

0:00:00.027003 | INFO | component | 279 | registered component to world: (id=23, name=Durability)

0:00:00.027003 | INFO | entity | 255 | registered entity to world: (id=24, name=WeaponPresetOne)

0:00:00.027003 | INFO | ecs_add | 626 | 

  ---- ADDING COMPONENTS TO ENTITY ----

0:00:00.027003 | DEBUG | ecs_add | 629 |  - Entity(id=24, name=WeaponPresetOne) + Components('Sharpness', 'Durability')

0:00:00.027003 | DEBUG | __move_entity | 518 | moving entity archetype: Entity(id=24, name=WeaponPresetOne) with Components('Sharpness', 'Durability') on is_add

0:00:00.027003 | DEBUG | traverse_archetype_cache | 966 | Constructed a new component cache for component: Component(id=22, name=Sharpness)
0:00:00.027003 | DEBUG | traverse_archetype_cache | 969 | Creating archetype cache for component: Component(id=22, name=Sharpness) with key add
0:00:00.027003 | INFO | __get_ecs_with_components_from | 839 | Getting all components connected through ecs_with trait from component Sharpness
0:00:00.027003 | DEBUG | pair | 346 | returning existing pair: (pair=55834574864, name=EcsWithEcsWildcard)

0:00:00.027003 | DEBUG | __get_ecs_with_components_from | 867 | returning components from get_ecs_with_components: ()
0:00:00.027003 | DEBUG | construct_destination_archetype_for_add_edge | 1087 | filtered source_components: [3]
0:00:00.027003 | INFO | construct_destination_archetype_for_add_edge | 1093 | Constructed destination components for add_edge: Components('EcsEntity', 'Sharpness')
0:00:00.027003 | INFO | __register_archetype_to_component | 470 | registered archetype to component: Archetype(type=('EcsEntity', 'Sharpness')) (component=3, component_name=EcsEntity) 
0:00:00.027003 | INFO | __register_archetype_to_component | 470 | registered archetype to component: Archetype(type=('EcsEntity', 'Sharpness')) (component=22, component_name=Sharpness) 
0:00:00.027003 | INFO | archetype | 407 | registered archetype to the world: (type=('EcsEntity', 'Sharpness'))

0:00:00.027003 | DEBUG | archetype | 408 | 
                - ENTITIES:  ()
                - COLUMN_MAP: [-1, 0]
                - COLUMNS:    [[]]

            
0:00:00.027003 | DEBUG | traverse_archetype_cache | 977 | Cached archetype_record in archetype_cache: Archetype(type=('EcsEntity', 'Sharpness')) for Component(id=22, name=Sharpness) with key add
0:00:00.027003 | DEBUG | traverse_archetype_cache | 966 | Constructed a new component cache for component: Component(id=23, name=Durability)
0:00:00.027003 | DEBUG | traverse_archetype_cache | 969 | Creating archetype cache for component: Component(id=23, name=Durability) with key add
0:00:00.027003 | INFO | __get_ecs_with_components_from | 839 | Getting all components connected through ecs_with trait from component Durability
0:00:00.027003 | DEBUG | pair | 346 | returning existing pair: (pair=55834574864, name=EcsWithEcsWildcard)

0:00:00.027003 | DEBUG | __get_ecs_with_components_from | 867 | returning components from get_ecs_with_components: ()
0:00:00.027003 | DEBUG | construct_destination_archetype_for_add_edge | 1087 | filtered source_components: [3, 22]
0:00:00.027003 | INFO | construct_destination_archetype_for_add_edge | 1093 | Constructed destination components for add_edge: Components('EcsEntity', 'Sharpness', 'Durability')
0:00:00.027003 | INFO | __register_archetype_to_component | 470 | registered archetype to component: Archetype(type=('EcsEntity', 'Sharpness', 'Durability')) (component=3, component_name=EcsEntity) 
0:00:00.027003 | INFO | __register_archetype_to_component | 470 | registered archetype to component: Archetype(type=('EcsEntity', 'Sharpness', 'Durability')) (component=22, component_name=Sharpness) 
0:00:00.027003 | INFO | __register_archetype_to_component | 470 | registered archetype to component: Archetype(type=('EcsEntity', 'Sharpness', 'Durability')) (component=23, component_name=Durability) 
0:00:00.027003 | INFO | archetype | 407 | registered archetype to the world: (type=('EcsEntity', 'Sharpness', 'Durability'))

0:00:00.027003 | DEBUG | archetype | 408 | 
                - ENTITIES:  ()
                - COLUMN_MAP: [-1, 0, 1]
                - COLUMNS:    [[], []]

            
0:00:00.027003 | DEBUG | traverse_archetype_cache | 977 | Cached archetype_record in archetype_cache: Archetype(type=('EcsEntity', 'Sharpness', 'Durability')) for Component(id=23, name=Durability) with key add
0:00:00.027003 | INFO | traverse_archetype_cache | 983 | Traversed archetype_cache getting destination_archetype: Archetype(type=('EcsEntity', 'Sharpness', 'Durability'))
0:00:00.027003 | INFO | __pop_entity_from | 606 | popped entity from archetype: EntityData(<Stack(size=0, top=None)>: [])
0:00:00.027003 | INFO | __move_entity | 558 | moved entity from source to destination archetype: Entity(id=24, name=WeaponPresetOne) from Source(type=('EcsEntity',)) to Destination(type=('EcsEntity', 'Sharpness', 'Durability'))
0:00:00.027003 | INFO | ecs_add | 632 | 

  ---- ADDED COMPONENTS TO ENTITY ----

0:00:00.027003 | INFO | entity | 255 | registered entity to world: (id=25, name=WeaponPresetTwo)

0:00:00.027003 | INFO | ecs_add | 626 | 

  ---- ADDING COMPONENTS TO ENTITY ----

0:00:00.027003 | DEBUG | ecs_add | 629 |  - Entity(id=25, name=WeaponPresetTwo) + Components('Sharpness', 'Durability')

0:00:00.027003 | DEBUG | __move_entity | 518 | moving entity archetype: Entity(id=25, name=WeaponPresetTwo) with Components('Sharpness', 'Durability') on is_add

0:00:00.028003 | INFO | traverse_archetype_cache | 983 | Traversed archetype_cache getting destination_archetype: Archetype(type=('EcsEntity', 'Sharpness', 'Durability'))
0:00:00.028003 | INFO | __pop_entity_from | 606 | popped entity from archetype: EntityData(<Stack(size=0, top=None)>: [])
0:00:00.028003 | INFO | __move_entity | 558 | moved entity from source to destination archetype: Entity(id=25, name=WeaponPresetTwo) from Source(type=('EcsEntity',)) to Destination(type=('EcsEntity', 'Sharpness', 'Durability'))
0:00:00.028003 | INFO | ecs_add | 632 | 

  ---- ADDED COMPONENTS TO ENTITY ----

0:00:00.028003 | INFO | ecs_set | 664 | 
            Setting component attributes:

            ENTITY:
                - ID:   25
                - NAME: WeaponPresetTwo
                        
            COMPONENT:
                - ID:   22
                - NAME: Sharpness

            ATTRIBUTES: {'sharpness': 200}
            
            
0:00:00.028003 | DEBUG | get_component | 751 | got component_instance for entity: Sharpness(sharpness=100)
0:00:00.028003 | DEBUG | ecs_set | 708 | Succesfully got_component without inheritance: Sharpness(sharpness=100)
0:00:00.028003 | DEBUG | ecs_set | 713 | Setting sharpness to 200
0:00:00.028003 | INFO | ecs_set | 664 | 
            Setting component attributes:

            ENTITY:
                - ID:   25
                - NAME: WeaponPresetTwo
                        
            COMPONENT:
                - ID:   23
                - NAME: Durability

            ATTRIBUTES: {'durability': 50}
            
            
0:00:00.028003 | DEBUG | get_component | 751 | got component_instance for entity: Durability(durability=100)
0:00:00.028003 | DEBUG | ecs_set | 708 | Succesfully got_component without inheritance: Durability(durability=100)
0:00:00.028003 | DEBUG | ecs_set | 713 | Setting durability to 50
0:00:00.028003 | SUCCESS | ecs_set | 716 | Successfully set entity components.
0:00:00.028003 | INFO | entity | 255 | registered entity to world: (id=26, name=DurableSword)

0:00:00.028003 | INFO | tag | 301 | registered tag to world: (id=103079215118, name=EcsIsAWeaponPresetOne)

0:00:00.028003 | INFO | ecs_add | 626 | 

  ---- ADDING COMPONENTS TO ENTITY ----

0:00:00.028003 | DEBUG | ecs_add | 629 |  - Entity(id=103079215118, name=EcsIsAWeaponPresetOne) + Components('EcsPair',)

0:00:00.028003 | DEBUG | __move_entity | 518 | moving entity archetype: Entity(id=103079215118, name=EcsIsAWeaponPresetOne) with Components('EcsPair',) on is_add

0:00:00.028003 | INFO | traverse_archetype_cache | 983 | Traversed archetype_cache getting destination_archetype: Archetype(type=('EcsComponent', 'EcsTag', 'EcsPair'))
0:00:00.028003 | INFO | __pop_entity_from | 606 | popped entity from archetype: EntityData(<Stack(size=1, top=ComponentRecord(type=type, archetype_map=ArchetypeMap(0 archetypes)))>: [ComponentRecord(type=type, archetype_map=ArchetypeMap(0 archetypes))])
0:00:00.028003 | INFO | __move_entity | 558 | moved entity from source to destination archetype: Entity(id=103079215118, name=EcsIsAWeaponPresetOne) from Source(type=('EcsComponent', 'EcsTag')) to Destination(type=('EcsComponent', 'EcsTag', 'EcsPair'))
0:00:00.028003 | INFO | ecs_add | 632 | 

  ---- ADDED COMPONENTS TO ENTITY ----

0:00:00.028003 | INFO | pair | 375 | registered pair to the world (id=103079215118, name=EcsIsAWeaponPresetOne, type=None)

0:00:00.028003 | INFO | ecs_add | 626 | 

  ---- ADDING COMPONENTS TO ENTITY ----

0:00:00.028003 | DEBUG | ecs_add | 629 |  - Entity(id=26, name=DurableSword) + Components('EcsIsAWeaponPresetOne',)

0:00:00.028003 | DEBUG | __move_entity | 518 | moving entity archetype: Entity(id=26, name=DurableSword) with Components('EcsIsAWeaponPresetOne',) on is_add

0:00:00.028003 | DEBUG | traverse_archetype_cache | 966 | Constructed a new component cache for component: Component(id=103079215118, name=EcsIsAWeaponPresetOne)
0:00:00.028003 | DEBUG | traverse_archetype_cache | 969 | Creating archetype cache for component: Component(id=103079215118, name=EcsIsAWeaponPresetOne) with key add
0:00:00.028003 | INFO | __get_ecs_with_components_from | 839 | Getting all components connected through ecs_with trait from component EcsIsAWeaponPresetOne
0:00:00.028003 | DEBUG | pair | 346 | returning existing pair: (pair=55834574864, name=EcsWithEcsWildcard)

0:00:00.028003 | DEBUG | pair | 346 | returning existing pair: (pair=55834574864, name=EcsWithEcsWildcard)

0:00:00.028003 | DEBUG | __get_ecs_with_components_from | 867 | returning components from get_ecs_with_components: ()
0:00:00.028003 | DEBUG | construct_destination_archetype_for_add_edge | 1087 | filtered source_components: [3]
0:00:00.028003 | INFO | construct_destination_archetype_for_add_edge | 1093 | Constructed destination components for add_edge: Components('EcsEntity', 'EcsIsAWeaponPresetOne')
0:00:00.028003 | INFO | __register_archetype_to_component | 470 | registered archetype to component: Archetype(type=('EcsEntity', 'EcsIsAWeaponPresetOne')) (component=3, component_name=EcsEntity) 
0:00:00.028003 | INFO | __register_archetype_to_component | 470 | registered archetype to component: Archetype(type=('EcsEntity', 'EcsIsAWeaponPresetOne')) (component=103079215118, component_name=EcsIsAWeaponPresetOne) 
0:00:00.028003 | INFO | tag | 301 | registered tag to world: (id=55834574862, name=EcsIsAEcsWildcard)

0:00:00.028003 | INFO | ecs_add | 627 | 

        ____ADDING WILDCARD____


0:00:00.028003 | DEBUG | ecs_add | 629 |  - Entity(id=55834574862, name=EcsIsAEcsWildcard) + Components('EcsPair',)

0:00:00.028003 | DEBUG | __move_entity | 518 | moving entity archetype: Entity(id=55834574862, name=EcsIsAEcsWildcard) with Components('EcsPair',) on is_add

0:00:00.028003 | INFO | traverse_archetype_cache | 983 | Traversed archetype_cache getting destination_archetype: Archetype(type=('EcsComponent', 'EcsTag', 'EcsPair'))
0:00:00.028003 | INFO | __pop_entity_from | 606 | popped entity from archetype: EntityData(<Stack(size=1, top=ComponentRecord(type=type, archetype_map=ArchetypeMap(0 archetypes)))>: [ComponentRecord(type=type, archetype_map=ArchetypeMap(0 archetypes))])
0:00:00.029002 | INFO | __move_entity | 558 | moved entity from source to destination archetype: Entity(id=55834574862, name=EcsIsAEcsWildcard) from Source(type=('EcsComponent', 'EcsTag')) to Destination(type=('EcsComponent', 'EcsTag', 'EcsPair'))
0:00:00.029002 | INFO | ecs_add | 633 | 

        ____ADDED WILDCARD___

0:00:00.029002 | INFO | pair | 375 | registered pair to the world (id=55834574862, name=EcsIsAEcsWildcard, type=None)

0:00:00.029002 | INFO | tag | 301 | registered tag to world: (id=103079215117, name=EcsWildcardWeaponPresetOne)

0:00:00.029002 | INFO | ecs_add | 627 | 

        ____ADDING WILDCARD____


0:00:00.029002 | DEBUG | ecs_add | 629 |  - Entity(id=103079215117, name=EcsWildcardWeaponPresetOne) + Components('EcsPair',)

0:00:00.029002 | DEBUG | __move_entity | 518 | moving entity archetype: Entity(id=103079215117, name=EcsWildcardWeaponPresetOne) with Components('EcsPair',) on is_add

0:00:00.029002 | INFO | traverse_archetype_cache | 983 | Traversed archetype_cache getting destination_archetype: Archetype(type=('EcsComponent', 'EcsTag', 'EcsPair'))
0:00:00.029002 | INFO | __pop_entity_from | 606 | popped entity from archetype: EntityData(<Stack(size=1, top=ComponentRecord(type=type, archetype_map=ArchetypeMap(0 archetypes)))>: [ComponentRecord(type=type, archetype_map=ArchetypeMap(0 archetypes))])
0:00:00.029002 | INFO | __move_entity | 558 | moved entity from source to destination archetype: Entity(id=103079215117, name=EcsWildcardWeaponPresetOne) from Source(type=('EcsComponent', 'EcsTag')) to Destination(type=('EcsComponent', 'EcsTag', 'EcsPair'))
0:00:00.029002 | INFO | ecs_add | 633 | 

        ____ADDED WILDCARD___

0:00:00.029002 | INFO | pair | 375 | registered pair to the world (id=103079215117, name=EcsWildcardWeaponPresetOne, type=None)

0:00:00.029002 | INFO | tag | 301 | registered tag to world: (id=55834574861, name=EcsWildcardEcsWildcard)

0:00:00.029002 | INFO | ecs_add | 627 | 

        ____ADDING WILDCARD____


0:00:00.029002 | DEBUG | ecs_add | 629 |  - Entity(id=55834574861, name=EcsWildcardEcsWildcard) + Components('EcsPair',)

0:00:00.029002 | DEBUG | __move_entity | 518 | moving entity archetype: Entity(id=55834574861, name=EcsWildcardEcsWildcard) with Components('EcsPair',) on is_add

0:00:00.029002 | INFO | traverse_archetype_cache | 983 | Traversed archetype_cache getting destination_archetype: Archetype(type=('EcsComponent', 'EcsTag', 'EcsPair'))
0:00:00.029002 | INFO | __pop_entity_from | 606 | popped entity from archetype: EntityData(<Stack(size=1, top=ComponentRecord(type=type, archetype_map=ArchetypeMap(0 archetypes)))>: [ComponentRecord(type=type, archetype_map=ArchetypeMap(0 archetypes))])
0:00:00.029002 | INFO | __move_entity | 558 | moved entity from source to destination archetype: Entity(id=55834574861, name=EcsWildcardEcsWildcard) from Source(type=('EcsComponent', 'EcsTag')) to Destination(type=('EcsComponent', 'EcsTag', 'EcsPair'))
0:00:00.029002 | INFO | ecs_add | 633 | 

        ____ADDED WILDCARD___

0:00:00.029002 | INFO | pair | 375 | registered pair to the world (id=55834574861, name=EcsWildcardEcsWildcard, type=None)

0:00:00.029002 | INFO | __register_archetype_to_component | 499 | registered archetype to wildcard variants for component.
0:00:00.029002 | INFO | archetype | 407 | registered archetype to the world: (type=('EcsEntity', 'EcsIsAWeaponPresetOne'))

0:00:00.029002 | DEBUG | archetype | 408 | 
                - ENTITIES:  ()
                - COLUMN_MAP: [-1, -1]
                - COLUMNS:    []

            
0:00:00.029002 | DEBUG | traverse_archetype_cache | 977 | Cached archetype_record in archetype_cache: Archetype(type=('EcsEntity', 'EcsIsAWeaponPresetOne')) for Component(id=103079215118, name=EcsIsAWeaponPresetOne) with key add
0:00:00.029002 | INFO | traverse_archetype_cache | 983 | Traversed archetype_cache getting destination_archetype: Archetype(type=('EcsEntity', 'EcsIsAWeaponPresetOne'))
0:00:00.029002 | INFO | __pop_entity_from | 606 | popped entity from archetype: EntityData(<Stack(size=0, top=None)>: [])
0:00:00.029002 | INFO | __move_entity | 558 | moved entity from source to destination archetype: Entity(id=26, name=DurableSword) from Source(type=('EcsEntity',)) to Destination(type=('EcsEntity', 'EcsIsAWeaponPresetOne'))
0:00:00.029002 | INFO | ecs_add | 632 | 

  ---- ADDED COMPONENTS TO ENTITY ----

0:00:00.029002 | INFO | entity | 255 | registered entity to world: (id=27, name=SharpSword)

0:00:00.029002 | INFO | tag | 301 | registered tag to world: (id=107374182414, name=EcsIsAWeaponPresetTwo)

0:00:00.029002 | INFO | ecs_add | 626 | 

  ---- ADDING COMPONENTS TO ENTITY ----

0:00:00.029002 | DEBUG | ecs_add | 629 |  - Entity(id=107374182414, name=EcsIsAWeaponPresetTwo) + Components('EcsPair',)

0:00:00.029002 | DEBUG | __move_entity | 518 | moving entity archetype: Entity(id=107374182414, name=EcsIsAWeaponPresetTwo) with Components('EcsPair',) on is_add

0:00:00.029002 | INFO | traverse_archetype_cache | 983 | Traversed archetype_cache getting destination_archetype: Archetype(type=('EcsComponent', 'EcsTag', 'EcsPair'))
0:00:00.029002 | INFO | __pop_entity_from | 606 | popped entity from archetype: EntityData(<Stack(size=1, top=ComponentRecord(type=type, archetype_map=ArchetypeMap(0 archetypes)))>: [ComponentRecord(type=type, archetype_map=ArchetypeMap(0 archetypes))])
0:00:00.029002 | INFO | __move_entity | 558 | moved entity from source to destination archetype: Entity(id=107374182414, name=EcsIsAWeaponPresetTwo) from Source(type=('EcsComponent', 'EcsTag')) to Destination(type=('EcsComponent', 'EcsTag', 'EcsPair'))
0:00:00.029002 | INFO | ecs_add | 632 | 

  ---- ADDED COMPONENTS TO ENTITY ----

0:00:00.029002 | INFO | pair | 375 | registered pair to the world (id=107374182414, name=EcsIsAWeaponPresetTwo, type=None)

0:00:00.029002 | INFO | ecs_add | 626 | 

  ---- ADDING COMPONENTS TO ENTITY ----

0:00:00.029002 | DEBUG | ecs_add | 629 |  - Entity(id=27, name=SharpSword) + Components('EcsIsAWeaponPresetTwo',)

0:00:00.029002 | DEBUG | __move_entity | 518 | moving entity archetype: Entity(id=27, name=SharpSword) with Components('EcsIsAWeaponPresetTwo',) on is_add

0:00:00.029002 | DEBUG | traverse_archetype_cache | 966 | Constructed a new component cache for component: Component(id=107374182414, name=EcsIsAWeaponPresetTwo)
0:00:00.029002 | DEBUG | traverse_archetype_cache | 969 | Creating archetype cache for component: Component(id=107374182414, name=EcsIsAWeaponPresetTwo) with key add
0:00:00.029002 | INFO | __get_ecs_with_components_from | 839 | Getting all components connected through ecs_with trait from component EcsIsAWeaponPresetTwo
0:00:00.030001 | DEBUG | pair | 346 | returning existing pair: (pair=55834574864, name=EcsWithEcsWildcard)

0:00:00.030001 | DEBUG | pair | 346 | returning existing pair: (pair=55834574864, name=EcsWithEcsWildcard)

0:00:00.030001 | DEBUG | __get_ecs_with_components_from | 867 | returning components from get_ecs_with_components: ()
0:00:00.030001 | DEBUG | construct_destination_archetype_for_add_edge | 1087 | filtered source_components: [3]
0:00:00.030001 | INFO | construct_destination_archetype_for_add_edge | 1093 | Constructed destination components for add_edge: Components('EcsEntity', 'EcsIsAWeaponPresetTwo')
0:00:00.030001 | INFO | __register_archetype_to_component | 470 | registered archetype to component: Archetype(type=('EcsEntity', 'EcsIsAWeaponPresetTwo')) (component=3, component_name=EcsEntity) 
0:00:00.030001 | INFO | __register_archetype_to_component | 470 | registered archetype to component: Archetype(type=('EcsEntity', 'EcsIsAWeaponPresetTwo')) (component=107374182414, component_name=EcsIsAWeaponPresetTwo) 
0:00:00.030001 | DEBUG | pair | 346 | returning existing pair: (pair=55834574862, name=EcsIsAEcsWildcard)

0:00:00.030001 | INFO | tag | 301 | registered tag to world: (id=107374182413, name=EcsWildcardWeaponPresetTwo)

0:00:00.030001 | INFO | ecs_add | 627 | 

        ____ADDING WILDCARD____


0:00:00.030001 | DEBUG | ecs_add | 629 |  - Entity(id=107374182413, name=EcsWildcardWeaponPresetTwo) + Components('EcsPair',)

0:00:00.030001 | DEBUG | __move_entity | 518 | moving entity archetype: Entity(id=107374182413, name=EcsWildcardWeaponPresetTwo) with Components('EcsPair',) on is_add

0:00:00.030001 | INFO | traverse_archetype_cache | 983 | Traversed archetype_cache getting destination_archetype: Archetype(type=('EcsComponent', 'EcsTag', 'EcsPair'))
0:00:00.030001 | INFO | __pop_entity_from | 606 | popped entity from archetype: EntityData(<Stack(size=1, top=ComponentRecord(type=type, archetype_map=ArchetypeMap(0 archetypes)))>: [ComponentRecord(type=type, archetype_map=ArchetypeMap(0 archetypes))])
0:00:00.030001 | INFO | __move_entity | 558 | moved entity from source to destination archetype: Entity(id=107374182413, name=EcsWildcardWeaponPresetTwo) from Source(type=('EcsComponent', 'EcsTag')) to Destination(type=('EcsComponent', 'EcsTag', 'EcsPair'))
0:00:00.030001 | INFO | ecs_add | 633 | 

        ____ADDED WILDCARD___

0:00:00.030001 | INFO | pair | 375 | registered pair to the world (id=107374182413, name=EcsWildcardWeaponPresetTwo, type=None)

0:00:00.030001 | DEBUG | pair | 346 | returning existing pair: (pair=55834574861, name=EcsWildcardEcsWildcard)

0:00:00.030001 | INFO | __register_archetype_to_component | 499 | registered archetype to wildcard variants for component.
0:00:00.030001 | INFO | archetype | 407 | registered archetype to the world: (type=('EcsEntity', 'EcsIsAWeaponPresetTwo'))

0:00:00.030001 | DEBUG | archetype | 408 | 
                - ENTITIES:  ()
                - COLUMN_MAP: [-1, -1]
                - COLUMNS:    []

            
0:00:00.030001 | DEBUG | traverse_archetype_cache | 977 | Cached archetype_record in archetype_cache: Archetype(type=('EcsEntity', 'EcsIsAWeaponPresetTwo')) for Component(id=107374182414, name=EcsIsAWeaponPresetTwo) with key add
0:00:00.030001 | INFO | traverse_archetype_cache | 983 | Traversed archetype_cache getting destination_archetype: Archetype(type=('EcsEntity', 'EcsIsAWeaponPresetTwo'))
0:00:00.030001 | INFO | __pop_entity_from | 606 | popped entity from archetype: EntityData(<Stack(size=0, top=None)>: [])
0:00:00.030001 | INFO | __move_entity | 558 | moved entity from source to destination archetype: Entity(id=27, name=SharpSword) from Source(type=('EcsEntity',)) to Destination(type=('EcsEntity', 'EcsIsAWeaponPresetTwo'))
0:00:00.030001 | INFO | ecs_add | 632 | 

  ---- ADDED COMPONENTS TO ENTITY ----

0:00:00.030001 | INFO | tag | 301 | registered tag to world: (id=38654705672, name=EcsOnInstantiateEcsDontInherit)

0:00:00.030001 | INFO | ecs_add | 626 | 

  ---- ADDING COMPONENTS TO ENTITY ----

0:00:00.030001 | DEBUG | ecs_add | 629 |  - Entity(id=38654705672, name=EcsOnInstantiateEcsDontInherit) + Components('EcsPair',)

0:00:00.030001 | DEBUG | __move_entity | 518 | moving entity archetype: Entity(id=38654705672, name=EcsOnInstantiateEcsDontInherit) with Components('EcsPair',) on is_add

0:00:00.030001 | INFO | traverse_archetype_cache | 983 | Traversed archetype_cache getting destination_archetype: Archetype(type=('EcsComponent', 'EcsTag', 'EcsPair'))
0:00:00.030001 | INFO | __pop_entity_from | 606 | popped entity from archetype: EntityData(<Stack(size=1, top=ComponentRecord(type=type, archetype_map=ArchetypeMap(0 archetypes)))>: [ComponentRecord(type=type, archetype_map=ArchetypeMap(0 archetypes))])
0:00:00.030001 | INFO | __move_entity | 558 | moved entity from source to destination archetype: Entity(id=38654705672, name=EcsOnInstantiateEcsDontInherit) from Source(type=('EcsComponent', 'EcsTag')) to Destination(type=('EcsComponent', 'EcsTag', 'EcsPair'))
0:00:00.030001 | INFO | ecs_add | 632 | 

  ---- ADDED COMPONENTS TO ENTITY ----

0:00:00.030001 | INFO | pair | 375 | registered pair to the world (id=38654705672, name=EcsOnInstantiateEcsDontInherit, type=None)

0:00:00.030001 | DEBUG | pair | 346 | returning existing pair: (pair=55834574862, name=EcsIsAEcsWildcard)

0:00:00.030001 | DEBUG | pair | 346 | returning existing pair: (pair=38654705672, name=EcsOnInstantiateEcsDontInherit)

0:00:00.030001 | DEBUG | pair | 346 | returning existing pair: (pair=55834574862, name=EcsIsAEcsWildcard)

0:00:00.030001 | DEBUG | pair | 346 | returning existing pair: (pair=38654705672, name=EcsOnInstantiateEcsDontInherit)

0:00:00.030001 | DEBUG | pair | 346 | returning existing pair: (pair=55834574862, name=EcsIsAEcsWildcard)

0:00:00.030001 | DEBUG | pair | 346 | returning existing pair: (pair=38654705672, name=EcsOnInstantiateEcsDontInherit)

0:00:00.030001 | DEBUG | pair | 346 | returning existing pair: (pair=55834574862, name=EcsIsAEcsWildcard)

0:00:00.030001 | DEBUG | pair | 346 | returning existing pair: (pair=38654705672, name=EcsOnInstantiateEcsDontInherit)

0:00:00.031001 | DEBUG | pair | 346 | returning existing pair: (pair=55834574862, name=EcsIsAEcsWildcard)

0:00:00.031001 | DEBUG | get_component | 751 | got component_instance for entity: Sharpness(sharpness=100)
0:00:00.031001 | DEBUG | get_component | 783 | got component_instance for entity through inheritance: Sharpness(sharpness=100)
0:00:00.031001 | DEBUG | pair | 346 | returning existing pair: (pair=38654705672, name=EcsOnInstantiateEcsDontInherit)

0:00:00.031001 | DEBUG | pair | 346 | returning existing pair: (pair=55834574862, name=EcsIsAEcsWildcard)

0:00:00.031001 | DEBUG | get_component | 751 | got component_instance for entity: Durability(durability=100)
0:00:00.031001 | DEBUG | get_component | 783 | got component_instance for entity through inheritance: Durability(durability=100)
0:00:00.031001 | DEBUG | pair | 346 | returning existing pair: (pair=38654705672, name=EcsOnInstantiateEcsDontInherit)

0:00:00.031001 | DEBUG | pair | 346 | returning existing pair: (pair=55834574862, name=EcsIsAEcsWildcard)

0:00:00.031001 | DEBUG | get_component | 751 | got component_instance for entity: Sharpness(sharpness=200)
0:00:00.031001 | DEBUG | get_component | 783 | got component_instance for entity through inheritance: Sharpness(sharpness=200)
0:00:00.031001 | DEBUG | pair | 346 | returning existing pair: (pair=38654705672, name=EcsOnInstantiateEcsDontInherit)

0:00:00.031001 | DEBUG | pair | 346 | returning existing pair: (pair=55834574862, name=EcsIsAEcsWildcard)

0:00:00.031001 | DEBUG | get_component | 751 | got component_instance for entity: Durability(durability=50)
0:00:00.031001 | DEBUG | get_component | 783 | got component_instance for entity through inheritance: Durability(durability=50)
0:00:00.031001 | INFO | ecs_set | 664 | 
            Setting component attributes:

            ENTITY:
                - ID:   27
                - NAME: SharpSword
                        
            COMPONENT:
                - ID:   22
                - NAME: Sharpness

            ATTRIBUTES: {'sharpness': 500}
            
            
0:00:00.031001 | DEBUG | ecs_set | 682 | Failed to get_component without inheritance... attempting to get_component with inheritance: 
0:00:00.031001 | DEBUG | pair | 346 | returning existing pair: (pair=38654705672, name=EcsOnInstantiateEcsDontInherit)

0:00:00.031001 | DEBUG | pair | 346 | returning existing pair: (pair=55834574862, name=EcsIsAEcsWildcard)

0:00:00.031001 | DEBUG | get_component | 751 | got component_instance for entity: Sharpness(sharpness=200)
0:00:00.031001 | DEBUG | get_component | 783 | got component_instance for entity through inheritance: Sharpness(sharpness=200)
0:00:00.031001 | INFO | ecs_add | 626 | 

  ---- ADDING COMPONENTS TO ENTITY ----

0:00:00.031001 | DEBUG | ecs_add | 629 |  - Entity(id=27, name=SharpSword) + Components('Sharpness',)

0:00:00.031001 | DEBUG | __move_entity | 518 | moving entity archetype: Entity(id=27, name=SharpSword) with Components('Sharpness',) on is_add

0:00:00.031001 | DEBUG | traverse_archetype_cache | 966 | Constructed a new component cache for component: Component(id=22, name=Sharpness)
0:00:00.031001 | DEBUG | traverse_archetype_cache | 969 | Creating archetype cache for component: Component(id=22, name=Sharpness) with key add
0:00:00.031001 | INFO | __get_ecs_with_components_from | 839 | Getting all components connected through ecs_with trait from component Sharpness
0:00:00.031001 | DEBUG | pair | 346 | returning existing pair: (pair=55834574864, name=EcsWithEcsWildcard)

0:00:00.031001 | DEBUG | __get_ecs_with_components_from | 867 | returning components from get_ecs_with_components: ()
0:00:00.031001 | DEBUG | construct_destination_archetype_for_add_edge | 1087 | filtered source_components: [3, 107374182414]
0:00:00.031001 | INFO | construct_destination_archetype_for_add_edge | 1093 | Constructed destination components for add_edge: Components('EcsEntity', 'EcsIsAWeaponPresetTwo', 'Sharpness')
0:00:00.031001 | INFO | __register_archetype_to_component | 470 | registered archetype to component: Archetype(type=('EcsEntity', 'Sharpness', 'EcsIsAWeaponPresetTwo')) (component=3, component_name=EcsEntity) 
0:00:00.031001 | INFO | __register_archetype_to_component | 470 | registered archetype to component: Archetype(type=('EcsEntity', 'Sharpness', 'EcsIsAWeaponPresetTwo')) (component=22, component_name=Sharpness) 
0:00:00.031001 | INFO | __register_archetype_to_component | 470 | registered archetype to component: Archetype(type=('EcsEntity', 'Sharpness', 'EcsIsAWeaponPresetTwo')) (component=107374182414, component_name=EcsIsAWeaponPresetTwo) 
0:00:00.031001 | DEBUG | pair | 346 | returning existing pair: (pair=55834574862, name=EcsIsAEcsWildcard)

0:00:00.031001 | DEBUG | pair | 346 | returning existing pair: (pair=107374182413, name=EcsWildcardWeaponPresetTwo)

0:00:00.031001 | DEBUG | pair | 346 | returning existing pair: (pair=55834574861, name=EcsWildcardEcsWildcard)

0:00:00.031001 | INFO | __register_archetype_to_component | 499 | registered archetype to wildcard variants for component.
0:00:00.031001 | INFO | archetype | 407 | registered archetype to the world: (type=('EcsEntity', 'Sharpness', 'EcsIsAWeaponPresetTwo'))

0:00:00.031001 | DEBUG | archetype | 408 | 
                - ENTITIES:  ()
                - COLUMN_MAP: [-1, 0, -1]
                - COLUMNS:    [[]]

            
0:00:00.031001 | DEBUG | traverse_archetype_cache | 977 | Cached archetype_record in archetype_cache: Archetype(type=('EcsEntity', 'Sharpness', 'EcsIsAWeaponPresetTwo')) for Component(id=22, name=Sharpness) with key add
0:00:00.031001 | INFO | traverse_archetype_cache | 983 | Traversed archetype_cache getting destination_archetype: Archetype(type=('EcsEntity', 'Sharpness', 'EcsIsAWeaponPresetTwo'))
0:00:00.031001 | INFO | __pop_entity_from | 606 | popped entity from archetype: EntityData(<Stack(size=0, top=None)>: [])
0:00:00.031001 | INFO | __move_entity | 558 | moved entity from source to destination archetype: Entity(id=27, name=SharpSword) from Source(type=('EcsEntity', 'EcsIsAWeaponPresetTwo')) to Destination(type=('EcsEntity', 'Sharpness', 'EcsIsAWeaponPresetTwo'))
0:00:00.031001 | INFO | ecs_add | 632 | 

  ---- ADDED COMPONENTS TO ENTITY ----

0:00:00.031001 | DEBUG | ecs_set | 705 | 
Updated attributes to include inherited components:
ATTRIBUTES: {'sharpness': 500}
0:00:00.031999 | DEBUG | get_component | 751 | got component_instance for entity: Sharpness(sharpness=100)
0:00:00.031999 | DEBUG | ecs_set | 713 | Setting sharpness to 500
0:00:00.031999 | SUCCESS | ecs_set | 716 | Successfully set entity components.
0:00:00.031999 | DEBUG | get_component | 751 | got component_instance for entity: Sharpness(sharpness=500)
0:00:00.031999 | DEBUG | pair | 346 | returning existing pair: (pair=38654705672, name=EcsOnInstantiateEcsDontInherit)

0:00:00.031999 | DEBUG | pair | 346 | returning existing pair: (pair=55834574862, name=EcsIsAEcsWildcard)

0:00:00.031999 | DEBUG | get_component | 751 | got component_instance for entity: Durability(durability=50)
0:00:00.031999 | DEBUG | get_component | 783 | got component_instance for entity through inheritance: Durability(durability=50)
0:00:00.031999 | INFO | entity | 255 | registered entity to world: (id=28, name=DummyDragon)

0:00:00.031999 | INFO | tag | 301 | registered tag to world: (id=29, name=DummyTag)

0:00:00.031999 | INFO | ecs_add | 626 | 

  ---- ADDING COMPONENTS TO ENTITY ----

0:00:00.031999 | DEBUG | ecs_add | 629 |  - Entity(id=28, name=DummyDragon) + Components('DummyTag',)

0:00:00.031999 | DEBUG | __move_entity | 518 | moving entity archetype: Entity(id=28, name=DummyDragon) with Components('DummyTag',) on is_add

0:00:00.031999 | DEBUG | traverse_archetype_cache | 966 | Constructed a new component cache for component: Component(id=29, name=DummyTag)
0:00:00.031999 | DEBUG | traverse_archetype_cache | 969 | Creating archetype cache for component: Component(id=29, name=DummyTag) with key add
0:00:00.031999 | INFO | __get_ecs_with_components_from | 839 | Getting all components connected through ecs_with trait from component DummyTag
0:00:00.031999 | DEBUG | pair | 346 | returning existing pair: (pair=55834574864, name=EcsWithEcsWildcard)

0:00:00.031999 | DEBUG | __get_ecs_with_components_from | 867 | returning components from get_ecs_with_components: ()
0:00:00.031999 | DEBUG | construct_destination_archetype_for_add_edge | 1087 | filtered source_components: [3]
0:00:00.031999 | INFO | construct_destination_archetype_for_add_edge | 1093 | Constructed destination components for add_edge: Components('EcsEntity', 'DummyTag')
0:00:00.031999 | INFO | __register_archetype_to_component | 470 | registered archetype to component: Archetype(type=('EcsEntity', 'DummyTag')) (component=3, component_name=EcsEntity) 
0:00:00.031999 | INFO | __register_archetype_to_component | 470 | registered archetype to component: Archetype(type=('EcsEntity', 'DummyTag')) (component=29, component_name=DummyTag) 
0:00:00.031999 | INFO | archetype | 407 | registered archetype to the world: (type=('EcsEntity', 'DummyTag'))

0:00:00.031999 | DEBUG | archetype | 408 | 
                - ENTITIES:  ()
                - COLUMN_MAP: [-1, -1]
                - COLUMNS:    []

            
0:00:00.031999 | DEBUG | traverse_archetype_cache | 977 | Cached archetype_record in archetype_cache: Archetype(type=('EcsEntity', 'DummyTag')) for Component(id=29, name=DummyTag) with key add
0:00:00.031999 | INFO | traverse_archetype_cache | 983 | Traversed archetype_cache getting destination_archetype: Archetype(type=('EcsEntity', 'DummyTag'))
0:00:00.031999 | INFO | __pop_entity_from | 606 | popped entity from archetype: EntityData(<Stack(size=0, top=None)>: [])
0:00:00.031999 | INFO | __move_entity | 558 | moved entity from source to destination archetype: Entity(id=28, name=DummyDragon) from Source(type=('EcsEntity',)) to Destination(type=('EcsEntity', 'DummyTag'))
0:00:00.031999 | INFO | ecs_add | 632 | 

  ---- ADDED COMPONENTS TO ENTITY ----

0:00:00.031999 | INFO | archetype | 415 | retrieved archetype from world: (type=('EcsEntity', 'DummyTag'))
0:00:00.032999 | INFO | component | 279 | registered component to world: (id=30, name=DummyComponentOne)

0:00:00.032999 | INFO | component | 279 | registered component to world: (id=31, name=DummyComponentTwo)

0:00:00.032999 | INFO | ecs_add | 626 | 

  ---- ADDING COMPONENTS TO ENTITY ----

0:00:00.032999 | DEBUG | ecs_add | 629 |  - Entity(id=28, name=DummyDragon) + Components('DummyComponentOne', 'DummyComponentTwo')

0:00:00.032999 | DEBUG | __move_entity | 518 | moving entity archetype: Entity(id=28, name=DummyDragon) with Components('DummyComponentOne', 'DummyComponentTwo') on is_add

0:00:00.032999 | DEBUG | traverse_archetype_cache | 966 | Constructed a new component cache for component: Component(id=30, name=DummyComponentOne)
0:00:00.032999 | DEBUG | traverse_archetype_cache | 969 | Creating archetype cache for component: Component(id=30, name=DummyComponentOne) with key add
0:00:00.032999 | INFO | __get_ecs_with_components_from | 839 | Getting all components connected through ecs_with trait from component DummyComponentOne
0:00:00.032999 | DEBUG | pair | 346 | returning existing pair: (pair=55834574864, name=EcsWithEcsWildcard)

0:00:00.034004 | DEBUG | __get_ecs_with_components_from | 867 | returning components from get_ecs_with_components: ()
0:00:00.034004 | DEBUG | construct_destination_archetype_for_add_edge | 1087 | filtered source_components: [3, 29]
0:00:00.034004 | INFO | construct_destination_archetype_for_add_edge | 1093 | Constructed destination components for add_edge: Components('EcsEntity', 'DummyTag', 'DummyComponentOne')
0:00:00.034004 | INFO | __register_archetype_to_component | 470 | registered archetype to component: Archetype(type=('EcsEntity', 'DummyTag', 'DummyComponentOne')) (component=3, component_name=EcsEntity) 
0:00:00.034004 | INFO | __register_archetype_to_component | 470 | registered archetype to component: Archetype(type=('EcsEntity', 'DummyTag', 'DummyComponentOne')) (component=29, component_name=DummyTag) 
0:00:00.034004 | INFO | __register_archetype_to_component | 470 | registered archetype to component: Archetype(type=('EcsEntity', 'DummyTag', 'DummyComponentOne')) (component=30, component_name=DummyComponentOne) 
0:00:00.034004 | INFO | archetype | 407 | registered archetype to the world: (type=('EcsEntity', 'DummyTag', 'DummyComponentOne'))

0:00:00.034004 | DEBUG | archetype | 408 | 
                - ENTITIES:  ()
                - COLUMN_MAP: [-1, -1, 0]
                - COLUMNS:    [[]]

            
0:00:00.034004 | DEBUG | traverse_archetype_cache | 977 | Cached archetype_record in archetype_cache: Archetype(type=('EcsEntity', 'DummyTag', 'DummyComponentOne')) for Component(id=30, name=DummyComponentOne) with key add
0:00:00.034004 | DEBUG | traverse_archetype_cache | 966 | Constructed a new component cache for component: Component(id=31, name=DummyComponentTwo)
0:00:00.034004 | DEBUG | traverse_archetype_cache | 969 | Creating archetype cache for component: Component(id=31, name=DummyComponentTwo) with key add
0:00:00.034004 | INFO | __get_ecs_with_components_from | 839 | Getting all components connected through ecs_with trait from component DummyComponentTwo
0:00:00.034004 | DEBUG | pair | 346 | returning existing pair: (pair=55834574864, name=EcsWithEcsWildcard)

0:00:00.034004 | DEBUG | __get_ecs_with_components_from | 867 | returning components from get_ecs_with_components: ()
0:00:00.034004 | DEBUG | construct_destination_archetype_for_add_edge | 1087 | filtered source_components: [3, 29, 30]
0:00:00.034004 | INFO | construct_destination_archetype_for_add_edge | 1093 | Constructed destination components for add_edge: Components('EcsEntity', 'DummyTag', 'DummyComponentOne', 'DummyComponentTwo')
0:00:00.034004 | INFO | __register_archetype_to_component | 470 | registered archetype to component: Archetype(type=('EcsEntity', 'DummyTag', 'DummyComponentOne', 'DummyComponentTwo')) (component=3, component_name=EcsEntity) 
0:00:00.034004 | INFO | __register_archetype_to_component | 470 | registered archetype to component: Archetype(type=('EcsEntity', 'DummyTag', 'DummyComponentOne', 'DummyComponentTwo')) (component=29, component_name=DummyTag) 
0:00:00.034004 | INFO | __register_archetype_to_component | 470 | registered archetype to component: Archetype(type=('EcsEntity', 'DummyTag', 'DummyComponentOne', 'DummyComponentTwo')) (component=30, component_name=DummyComponentOne) 
0:00:00.034004 | INFO | __register_archetype_to_component | 470 | registered archetype to component: Archetype(type=('EcsEntity', 'DummyTag', 'DummyComponentOne', 'DummyComponentTwo')) (component=31, component_name=DummyComponentTwo) 
0:00:00.034004 | INFO | archetype | 407 | registered archetype to the world: (type=('EcsEntity', 'DummyTag', 'DummyComponentOne', 'DummyComponentTwo'))

0:00:00.034004 | DEBUG | archetype | 408 | 
                - ENTITIES:  ()
                - COLUMN_MAP: [-1, -1, 0, 1]
                - COLUMNS:    [[], []]

            
0:00:00.034004 | DEBUG | traverse_archetype_cache | 977 | Cached archetype_record in archetype_cache: Archetype(type=('EcsEntity', 'DummyTag', 'DummyComponentOne', 'DummyComponentTwo')) for Component(id=31, name=DummyComponentTwo) with key add
0:00:00.034004 | INFO | traverse_archetype_cache | 983 | Traversed archetype_cache getting destination_archetype: Archetype(type=('EcsEntity', 'DummyTag', 'DummyComponentOne', 'DummyComponentTwo'))
0:00:00.034004 | INFO | __pop_entity_from | 606 | popped entity from archetype: EntityData(<Stack(size=0, top=None)>: [])
0:00:00.034004 | INFO | __move_entity | 558 | moved entity from source to destination archetype: Entity(id=28, name=DummyDragon) from Source(type=('EcsEntity', 'DummyTag')) to Destination(type=('EcsEntity', 'DummyTag', 'DummyComponentOne', 'DummyComponentTwo'))
0:00:00.034004 | INFO | ecs_add | 632 | 

  ---- ADDED COMPONENTS TO ENTITY ----

0:00:00.034004 | INFO | archetype | 415 | retrieved archetype from world: (type=('EcsEntity', 'DummyTag', 'DummyComponentOne', 'DummyComponentTwo'))
0:00:00.034004 | INFO | archetype | 415 | retrieved archetype from world: (type=('EcsEntity', 'DummyTag'))
0:00:00.034004 | INFO | component | 279 | registered component to world: (id=32, name=DummyComponentThree)

0:00:00.035004 | INFO | ecs_add | 626 | 

  ---- ADDING COMPONENTS TO ENTITY ----

0:00:00.035004 | DEBUG | ecs_add | 629 |  - Entity(id=28, name=DummyDragon) + Components('DummyComponentThree',)

0:00:00.035004 | DEBUG | __move_entity | 518 | moving entity archetype: Entity(id=28, name=DummyDragon) with Components('DummyComponentThree',) on is_add

0:00:00.035004 | DEBUG | traverse_archetype_cache | 966 | Constructed a new component cache for component: Component(id=32, name=DummyComponentThree)
0:00:00.035004 | DEBUG | traverse_archetype_cache | 969 | Creating archetype cache for component: Component(id=32, name=DummyComponentThree) with key add
0:00:00.035004 | INFO | __get_ecs_with_components_from | 839 | Getting all components connected through ecs_with trait from component DummyComponentThree
0:00:00.035004 | DEBUG | pair | 346 | returning existing pair: (pair=55834574864, name=EcsWithEcsWildcard)

0:00:00.035004 | DEBUG | __get_ecs_with_components_from | 867 | returning components from get_ecs_with_components: ()
0:00:00.035004 | DEBUG | construct_destination_archetype_for_add_edge | 1087 | filtered source_components: [3, 29, 30, 31]
0:00:00.035004 | INFO | construct_destination_archetype_for_add_edge | 1093 | Constructed destination components for add_edge: Components('EcsEntity', 'DummyTag', 'DummyComponentOne', 'DummyComponentTwo', 'DummyComponentThree')
0:00:00.035004 | INFO | __register_archetype_to_component | 470 | registered archetype to component: Archetype(type=('EcsEntity', 'DummyTag', 'DummyComponentOne', 'DummyComponentTwo', 'DummyComponentThree')) (component=3, component_name=EcsEntity) 
0:00:00.035004 | INFO | __register_archetype_to_component | 470 | registered archetype to component: Archetype(type=('EcsEntity', 'DummyTag', 'DummyComponentOne', 'DummyComponentTwo', 'DummyComponentThree')) (component=29, component_name=DummyTag) 
0:00:00.035004 | INFO | __register_archetype_to_component | 470 | registered archetype to component: Archetype(type=('EcsEntity', 'DummyTag', 'DummyComponentOne', 'DummyComponentTwo', 'DummyComponentThree')) (component=30, component_name=DummyComponentOne) 
0:00:00.035004 | INFO | __register_archetype_to_component | 470 | registered archetype to component: Archetype(type=('EcsEntity', 'DummyTag', 'DummyComponentOne', 'DummyComponentTwo', 'DummyComponentThree')) (component=31, component_name=DummyComponentTwo) 
0:00:00.035004 | INFO | __register_archetype_to_component | 470 | registered archetype to component: Archetype(type=('EcsEntity', 'DummyTag', 'DummyComponentOne', 'DummyComponentTwo', 'DummyComponentThree')) (component=32, component_name=DummyComponentThree) 
0:00:00.035004 | INFO | archetype | 407 | registered archetype to the world: (type=('EcsEntity', 'DummyTag', 'DummyComponentOne', 'DummyComponentTwo', 'DummyComponentThree'))

0:00:00.035004 | DEBUG | archetype | 408 | 
                - ENTITIES:  ()
                - COLUMN_MAP: [-1, -1, 0, 1, 2]
                - COLUMNS:    [[], [], []]

            
0:00:00.035004 | DEBUG | traverse_archetype_cache | 977 | Cached archetype_record in archetype_cache: Archetype(type=('EcsEntity', 'DummyTag', 'DummyComponentOne', 'DummyComponentTwo', 'DummyComponentThree')) for Component(id=32, name=DummyComponentThree) with key add
0:00:00.035004 | INFO | traverse_archetype_cache | 983 | Traversed archetype_cache getting destination_archetype: Archetype(type=('EcsEntity', 'DummyTag', 'DummyComponentOne', 'DummyComponentTwo', 'DummyComponentThree'))
0:00:00.035004 | INFO | __pop_entity_from | 606 | popped entity from archetype: EntityData(<Stack(size=2, top=DummyComponentTwo(dummy_number=2))>: [DummyComponentTwo(dummy_number=2), DummyComponentOne(dummy_number=1)])
0:00:00.035004 | INFO | __move_entity | 558 | moved entity from source to destination archetype: Entity(id=28, name=DummyDragon) from Source(type=('EcsEntity', 'DummyTag', 'DummyComponentOne', 'DummyComponentTwo')) to Destination(type=('EcsEntity', 'DummyTag', 'DummyComponentOne', 'DummyComponentTwo', 'DummyComponentThree'))
0:00:00.035004 | INFO | ecs_add | 632 | 

  ---- ADDED COMPONENTS TO ENTITY ----

0:00:00.035004 | INFO | ecs_remove | 637 | 

---- REMOVING COMPONENTS FROM ENTITY ----

0:00:00.035004 | DEBUG | ecs_remove | 638 |  - Entity(id=28, name=DummyDragon) + Components('DummyComponentThree',)

0:00:00.035004 | DEBUG | __move_entity | 518 | moving entity archetype: Entity(id=28, name=DummyDragon) with Components('DummyComponentThree',) on is_remove

0:00:00.035004 | DEBUG | traverse_archetype_cache | 966 | Constructed a new component cache for component: Component(id=32, name=DummyComponentThree)
0:00:00.035004 | DEBUG | traverse_archetype_cache | 969 | Creating archetype cache for component: Component(id=32, name=DummyComponentThree) with key remove
0:00:00.035004 | INFO | archetype | 415 | retrieved archetype from world: (type=('EcsEntity', 'DummyTag', 'DummyComponentOne', 'DummyComponentTwo'))
0:00:00.035004 | DEBUG | traverse_archetype_cache | 977 | Cached archetype_record in archetype_cache: Archetype(type=('EcsEntity', 'DummyTag', 'DummyComponentOne', 'DummyComponentTwo')) for Component(id=32, name=DummyComponentThree) with key remove
0:00:00.035004 | INFO | traverse_archetype_cache | 983 | Traversed archetype_cache getting destination_archetype: Archetype(type=('EcsEntity', 'DummyTag', 'DummyComponentOne', 'DummyComponentTwo'))
0:00:00.035004 | INFO | __pop_entity_from | 606 | popped entity from archetype: EntityData(<Stack(size=2, top=DummyComponentOne(dummy_number=1))>: [DummyComponentOne(dummy_number=1), DummyComponentTwo(dummy_number=2)])
0:00:00.035004 | INFO | __move_entity | 558 | moved entity from source to destination archetype: Entity(id=28, name=DummyDragon) from Source(type=('EcsEntity', 'DummyTag', 'DummyComponentOne', 'DummyComponentTwo', 'DummyComponentThree')) to Destination(type=('EcsEntity', 'DummyTag', 'DummyComponentOne', 'DummyComponentTwo'))
0:00:00.035004 | INFO | ecs_remove | 640 | 

---- REMOVED COMPONENTS FROM ENTITY ----

0:00:00.036002 | INFO | archetype | 415 | retrieved archetype from world: (type=('EcsEntity', 'DummyTag', 'DummyComponentOne', 'DummyComponentTwo'))
0:00:00.036002 | INFO | archetype | 415 | retrieved archetype from world: (type=('EcsEntity', 'DummyTag'))
0:00:00.036002 | INFO | entity | 255 | registered entity to world: (id=33, name=DummyEntityTarget)

0:00:00.036002 | INFO | component | 279 | registered component to world: (id=34, name=DummyComponentTarget)

0:00:00.036002 | INFO | component | 279 | registered component to world: (id=35, name=DummyRelationshipComponent)

0:00:00.037003 | INFO | ecs_add | 626 | 

  ---- ADDING COMPONENTS TO ENTITY ----

0:00:00.037003 | DEBUG | ecs_add | 629 |  - Entity(id=35, name=DummyRelationshipComponent) + Components('EcsRelationship',)

0:00:00.037003 | DEBUG | __move_entity | 518 | moving entity archetype: Entity(id=35, name=DummyRelationshipComponent) with Components('EcsRelationship',) on is_add

0:00:00.037003 | DEBUG | traverse_archetype_cache | 966 | Constructed a new component cache for component: Component(id=4, name=EcsRelationship)
0:00:00.037003 | DEBUG | traverse_archetype_cache | 969 | Creating archetype cache for component: Component(id=4, name=EcsRelationship) with key add
0:00:00.037003 | INFO | __get_ecs_with_components_from | 839 | Getting all components connected through ecs_with trait from component EcsRelationship
0:00:00.037003 | DEBUG | pair | 346 | returning existing pair: (pair=55834574864, name=EcsWithEcsWildcard)

0:00:00.037003 | DEBUG | __get_ecs_with_components_from | 867 | returning components from get_ecs_with_components: ()
0:00:00.037003 | DEBUG | construct_destination_archetype_for_add_edge | 1087 | filtered source_components: [1]
0:00:00.037003 | INFO | construct_destination_archetype_for_add_edge | 1093 | Constructed destination components for add_edge: Components('EcsComponent', 'EcsRelationship')
0:00:00.037003 | INFO | __register_archetype_to_component | 470 | registered archetype to component: Archetype(type=('EcsComponent', 'EcsRelationship')) (component=1, component_name=EcsComponent) 
0:00:00.037003 | INFO | __register_archetype_to_component | 470 | registered archetype to component: Archetype(type=('EcsComponent', 'EcsRelationship')) (component=4, component_name=EcsRelationship) 
0:00:00.037003 | INFO | archetype | 407 | registered archetype to the world: (type=('EcsComponent', 'EcsRelationship'))

0:00:00.037003 | DEBUG | archetype | 408 | 
                - ENTITIES:  ()
                - COLUMN_MAP: [0, -1]
                - COLUMNS:    [[]]

            
0:00:00.037003 | DEBUG | traverse_archetype_cache | 977 | Cached archetype_record in archetype_cache: Archetype(type=('EcsComponent', 'EcsRelationship')) for Component(id=4, name=EcsRelationship) with key add
0:00:00.037003 | INFO | traverse_archetype_cache | 983 | Traversed archetype_cache getting destination_archetype: Archetype(type=('EcsComponent', 'EcsRelationship'))
0:00:00.037003 | INFO | __pop_entity_from | 606 | popped entity from archetype: EntityData(<Stack(size=1, top=ComponentRecord(type=type, archetype_map=ArchetypeMap(0 archetypes)))>: [ComponentRecord(type=type, archetype_map=ArchetypeMap(0 archetypes))])
0:00:00.037003 | INFO | __move_entity | 558 | moved entity from source to destination archetype: Entity(id=35, name=DummyRelationshipComponent) from Source(type=('EcsComponent',)) to Destination(type=('EcsComponent', 'EcsRelationship'))
0:00:00.037003 | INFO | ecs_add | 632 | 

  ---- ADDED COMPONENTS TO ENTITY ----

0:00:00.037003 | INFO | relationship | 323 | registered relationship to world: (id=35, name=<class 'types.DummyRelationshipComponent'>)

0:00:00.037003 | INFO | tag | 301 | registered tag to world: (id=36, name=DummyRelationshipTag)

0:00:00.037003 | INFO | ecs_add | 626 | 

  ---- ADDING COMPONENTS TO ENTITY ----

0:00:00.037003 | DEBUG | ecs_add | 629 |  - Entity(id=36, name=DummyRelationshipTag) + Components('EcsRelationship',)

0:00:00.037003 | DEBUG | __move_entity | 518 | moving entity archetype: Entity(id=36, name=DummyRelationshipTag) with Components('EcsRelationship',) on is_add

0:00:00.037003 | INFO | traverse_archetype_cache | 983 | Traversed archetype_cache getting destination_archetype: Archetype(type=('EcsComponent', 'EcsTag', 'EcsRelationship'))
0:00:00.037003 | INFO | __pop_entity_from | 606 | popped entity from archetype: EntityData(<Stack(size=1, top=ComponentRecord(type=type, archetype_map=ArchetypeMap(0 archetypes)))>: [ComponentRecord(type=type, archetype_map=ArchetypeMap(0 archetypes))])
0:00:00.037003 | INFO | __move_entity | 558 | moved entity from source to destination archetype: Entity(id=36, name=DummyRelationshipTag) from Source(type=('EcsComponent', 'EcsTag')) to Destination(type=('EcsComponent', 'EcsTag', 'EcsRelationship'))
0:00:00.037003 | INFO | ecs_add | 632 | 

  ---- ADDED COMPONENTS TO ENTITY ----

0:00:00.037003 | INFO | relationship | 323 | registered relationship to world: (id=36, name=DummyRelationshipTag)

0:00:00.037003 | INFO | component | 279 | registered component to world: (id=141733920803, name=DummyRelationshipComponentDummyEntityTarget)

0:00:00.037003 | INFO | ecs_add | 626 | 

  ---- ADDING COMPONENTS TO ENTITY ----

0:00:00.037003 | DEBUG | ecs_add | 629 |  - Entity(id=141733920803, name=DummyRelationshipComponentDummyEntityTarget) + Components('EcsPair',)

0:00:00.037003 | DEBUG | __move_entity | 518 | moving entity archetype: Entity(id=141733920803, name=DummyRelationshipComponentDummyEntityTarget) with Components('EcsPair',) on is_add

0:00:00.037003 | DEBUG | traverse_archetype_cache | 966 | Constructed a new component cache for component: Component(id=5, name=EcsPair)
0:00:00.037003 | DEBUG | traverse_archetype_cache | 969 | Creating archetype cache for component: Component(id=5, name=EcsPair) with key add
0:00:00.037003 | INFO | __get_ecs_with_components_from | 839 | Getting all components connected through ecs_with trait from component EcsPair
0:00:00.037003 | DEBUG | pair | 346 | returning existing pair: (pair=55834574864, name=EcsWithEcsWildcard)

0:00:00.037003 | DEBUG | __get_ecs_with_components_from | 867 | returning components from get_ecs_with_components: ()
0:00:00.037003 | DEBUG | construct_destination_archetype_for_add_edge | 1087 | filtered source_components: [1]
0:00:00.038001 | INFO | construct_destination_archetype_for_add_edge | 1093 | Constructed destination components for add_edge: Components('EcsComponent', 'EcsPair')
0:00:00.038001 | INFO | __register_archetype_to_component | 470 | registered archetype to component: Archetype(type=('EcsComponent', 'EcsPair')) (component=1, component_name=EcsComponent) 
0:00:00.038001 | INFO | __register_archetype_to_component | 470 | registered archetype to component: Archetype(type=('EcsComponent', 'EcsPair')) (component=5, component_name=EcsPair) 
0:00:00.038001 | INFO | archetype | 407 | registered archetype to the world: (type=('EcsComponent', 'EcsPair'))

0:00:00.038001 | DEBUG | archetype | 408 | 
                - ENTITIES:  ()
                - COLUMN_MAP: [0, -1]
                - COLUMNS:    [[]]

            
0:00:00.038001 | DEBUG | traverse_archetype_cache | 977 | Cached archetype_record in archetype_cache: Archetype(type=('EcsComponent', 'EcsPair')) for Component(id=5, name=EcsPair) with key add
0:00:00.038001 | INFO | traverse_archetype_cache | 983 | Traversed archetype_cache getting destination_archetype: Archetype(type=('EcsComponent', 'EcsPair'))
0:00:00.038001 | INFO | __pop_entity_from | 606 | popped entity from archetype: EntityData(<Stack(size=1, top=ComponentRecord(type=type, archetype_map=ArchetypeMap(0 archetypes)))>: [ComponentRecord(type=type, archetype_map=ArchetypeMap(0 archetypes))])
0:00:00.038001 | INFO | __move_entity | 558 | moved entity from source to destination archetype: Entity(id=141733920803, name=DummyRelationshipComponentDummyEntityTarget) from Source(type=('EcsComponent',)) to Destination(type=('EcsComponent', 'EcsPair'))
0:00:00.038001 | INFO | ecs_add | 632 | 

  ---- ADDED COMPONENTS TO ENTITY ----

0:00:00.038001 | INFO | pair | 375 | registered pair to the world (id=141733920803, name=DummyRelationshipComponentDummyEntityTarget, type=<class 'types.DummyRelationshipComponent'>)

0:00:00.038001 | INFO | tag | 301 | registered tag to world: (id=141733920804, name=DummyRelationshipTagDummyEntityTarget)

0:00:00.038001 | INFO | ecs_add | 626 | 

  ---- ADDING COMPONENTS TO ENTITY ----

0:00:00.038001 | DEBUG | ecs_add | 629 |  - Entity(id=141733920804, name=DummyRelationshipTagDummyEntityTarget) + Components('EcsPair',)

0:00:00.038001 | DEBUG | __move_entity | 518 | moving entity archetype: Entity(id=141733920804, name=DummyRelationshipTagDummyEntityTarget) with Components('EcsPair',) on is_add

0:00:00.038001 | INFO | traverse_archetype_cache | 983 | Traversed archetype_cache getting destination_archetype: Archetype(type=('EcsComponent', 'EcsTag', 'EcsPair'))
0:00:00.038001 | INFO | __pop_entity_from | 606 | popped entity from archetype: EntityData(<Stack(size=1, top=ComponentRecord(type=type, archetype_map=ArchetypeMap(0 archetypes)))>: [ComponentRecord(type=type, archetype_map=ArchetypeMap(0 archetypes))])
0:00:00.038001 | INFO | __move_entity | 558 | moved entity from source to destination archetype: Entity(id=141733920804, name=DummyRelationshipTagDummyEntityTarget) from Source(type=('EcsComponent', 'EcsTag')) to Destination(type=('EcsComponent', 'EcsTag', 'EcsPair'))
0:00:00.038001 | INFO | ecs_add | 632 | 

  ---- ADDED COMPONENTS TO ENTITY ----

0:00:00.038001 | INFO | pair | 375 | registered pair to the world (id=141733920804, name=DummyRelationshipTagDummyEntityTarget, type=None)

0:00:00.038001 | INFO | component | 279 | registered component to world: (id=146028888099, name=DummyRelationshipComponentDummyComponentTarget)

0:00:00.038001 | INFO | ecs_add | 626 | 

  ---- ADDING COMPONENTS TO ENTITY ----

0:00:00.038001 | DEBUG | ecs_add | 629 |  - Entity(id=146028888099, name=DummyRelationshipComponentDummyComponentTarget) + Components('EcsPair',)

0:00:00.038001 | DEBUG | __move_entity | 518 | moving entity archetype: Entity(id=146028888099, name=DummyRelationshipComponentDummyComponentTarget) with Components('EcsPair',) on is_add

0:00:00.038001 | INFO | traverse_archetype_cache | 983 | Traversed archetype_cache getting destination_archetype: Archetype(type=('EcsComponent', 'EcsPair'))
0:00:00.038001 | INFO | __pop_entity_from | 606 | popped entity from archetype: EntityData(<Stack(size=1, top=ComponentRecord(type=type, archetype_map=ArchetypeMap(0 archetypes)))>: [ComponentRecord(type=type, archetype_map=ArchetypeMap(0 archetypes))])
0:00:00.038001 | INFO | __move_entity | 558 | moved entity from source to destination archetype: Entity(id=146028888099, name=DummyRelationshipComponentDummyComponentTarget) from Source(type=('EcsComponent',)) to Destination(type=('EcsComponent', 'EcsPair'))
0:00:00.038001 | INFO | ecs_add | 632 | 

  ---- ADDED COMPONENTS TO ENTITY ----

0:00:00.038001 | INFO | pair | 375 | registered pair to the world (id=146028888099, name=DummyRelationshipComponentDummyComponentTarget, type=<class 'types.DummyRelationshipComponent'>)

0:00:00.038001 | INFO | component | 279 | registered component to world: (id=146028888100, name=DummyRelationshipTagDummyComponentTarget)

0:00:00.038001 | INFO | ecs_add | 626 | 

  ---- ADDING COMPONENTS TO ENTITY ----

0:00:00.038001 | DEBUG | ecs_add | 629 |  - Entity(id=146028888100, name=DummyRelationshipTagDummyComponentTarget) + Components('EcsPair',)

0:00:00.038001 | DEBUG | __move_entity | 518 | moving entity archetype: Entity(id=146028888100, name=DummyRelationshipTagDummyComponentTarget) with Components('EcsPair',) on is_add

0:00:00.038001 | INFO | traverse_archetype_cache | 983 | Traversed archetype_cache getting destination_archetype: Archetype(type=('EcsComponent', 'EcsPair'))
0:00:00.038001 | INFO | __pop_entity_from | 606 | popped entity from archetype: EntityData(<Stack(size=1, top=ComponentRecord(type=type, archetype_map=ArchetypeMap(0 archetypes)))>: [ComponentRecord(type=type, archetype_map=ArchetypeMap(0 archetypes))])
0:00:00.038001 | INFO | __move_entity | 558 | moved entity from source to destination archetype: Entity(id=146028888100, name=DummyRelationshipTagDummyComponentTarget) from Source(type=('EcsComponent',)) to Destination(type=('EcsComponent', 'EcsPair'))
0:00:00.038001 | INFO | ecs_add | 632 | 

  ---- ADDED COMPONENTS TO ENTITY ----

0:00:00.038001 | INFO | pair | 375 | registered pair to the world (id=146028888100, name=DummyRelationshipTagDummyComponentTarget, type=<class 'types.DummyComponentTarget'>)

0:00:00.038001 | INFO | component | 279 | registered component to world: (id=55834574883, name=DummyRelationshipComponentEcsWildcard)

0:00:00.038001 | INFO | ecs_add | 627 | 

        ____ADDING WILDCARD____


0:00:00.038001 | DEBUG | ecs_add | 629 |  - Entity(id=55834574883, name=DummyRelationshipComponentEcsWildcard) + Components('EcsPair',)

0:00:00.038001 | DEBUG | __move_entity | 518 | moving entity archetype: Entity(id=55834574883, name=DummyRelationshipComponentEcsWildcard) with Components('EcsPair',) on is_add

0:00:00.038001 | INFO | traverse_archetype_cache | 983 | Traversed archetype_cache getting destination_archetype: Archetype(type=('EcsComponent', 'EcsPair'))
0:00:00.039001 | INFO | __pop_entity_from | 606 | popped entity from archetype: EntityData(<Stack(size=1, top=ComponentRecord(type=type, archetype_map=ArchetypeMap(0 archetypes)))>: [ComponentRecord(type=type, archetype_map=ArchetypeMap(0 archetypes))])
0:00:00.039001 | INFO | __move_entity | 558 | moved entity from source to destination archetype: Entity(id=55834574883, name=DummyRelationshipComponentEcsWildcard) from Source(type=('EcsComponent',)) to Destination(type=('EcsComponent', 'EcsPair'))
0:00:00.039001 | INFO | ecs_add | 633 | 

        ____ADDED WILDCARD___

0:00:00.039001 | INFO | pair | 375 | registered pair to the world (id=55834574883, name=DummyRelationshipComponentEcsWildcard, type=<class 'types.DummyRelationshipComponent'>)

0:00:00.039001 | INFO | tag | 301 | registered tag to world: (id=141733920781, name=EcsWildcardDummyEntityTarget)

0:00:00.039001 | INFO | ecs_add | 627 | 

        ____ADDING WILDCARD____


0:00:00.039001 | DEBUG | ecs_add | 629 |  - Entity(id=141733920781, name=EcsWildcardDummyEntityTarget) + Components('EcsPair',)

0:00:00.039001 | DEBUG | __move_entity | 518 | moving entity archetype: Entity(id=141733920781, name=EcsWildcardDummyEntityTarget) with Components('EcsPair',) on is_add

0:00:00.039001 | INFO | traverse_archetype_cache | 983 | Traversed archetype_cache getting destination_archetype: Archetype(type=('EcsComponent', 'EcsTag', 'EcsPair'))
0:00:00.039001 | INFO | __pop_entity_from | 606 | popped entity from archetype: EntityData(<Stack(size=1, top=ComponentRecord(type=type, archetype_map=ArchetypeMap(0 archetypes)))>: [ComponentRecord(type=type, archetype_map=ArchetypeMap(0 archetypes))])
0:00:00.039001 | INFO | __move_entity | 558 | moved entity from source to destination archetype: Entity(id=141733920781, name=EcsWildcardDummyEntityTarget) from Source(type=('EcsComponent', 'EcsTag')) to Destination(type=('EcsComponent', 'EcsTag', 'EcsPair'))
0:00:00.039001 | INFO | ecs_add | 633 | 

        ____ADDED WILDCARD___

0:00:00.039001 | INFO | pair | 375 | registered pair to the world (id=141733920781, name=EcsWildcardDummyEntityTarget, type=None)

0:00:00.039001 | INFO | tag | 301 | registered tag to world: (id=55834574884, name=DummyRelationshipTagEcsWildcard)

0:00:00.039001 | INFO | ecs_add | 627 | 

        ____ADDING WILDCARD____


0:00:00.039001 | DEBUG | ecs_add | 629 |  - Entity(id=55834574884, name=DummyRelationshipTagEcsWildcard) + Components('EcsPair',)

0:00:00.039001 | DEBUG | __move_entity | 518 | moving entity archetype: Entity(id=55834574884, name=DummyRelationshipTagEcsWildcard) with Components('EcsPair',) on is_add

0:00:00.039001 | INFO | traverse_archetype_cache | 983 | Traversed archetype_cache getting destination_archetype: Archetype(type=('EcsComponent', 'EcsTag', 'EcsPair'))
0:00:00.039001 | INFO | __pop_entity_from | 606 | popped entity from archetype: EntityData(<Stack(size=1, top=ComponentRecord(type=type, archetype_map=ArchetypeMap(0 archetypes)))>: [ComponentRecord(type=type, archetype_map=ArchetypeMap(0 archetypes))])
0:00:00.039001 | INFO | __move_entity | 558 | moved entity from source to destination archetype: Entity(id=55834574884, name=DummyRelationshipTagEcsWildcard) from Source(type=('EcsComponent', 'EcsTag')) to Destination(type=('EcsComponent', 'EcsTag', 'EcsPair'))
0:00:00.039001 | INFO | ecs_add | 633 | 

        ____ADDED WILDCARD___

0:00:00.039001 | INFO | pair | 375 | registered pair to the world (id=55834574884, name=DummyRelationshipTagEcsWildcard, type=None)

0:00:00.039001 | DEBUG | pair | 346 | returning existing pair: (pair=141733920781, name=EcsWildcardDummyEntityTarget)

0:00:00.039001 | DEBUG | pair | 346 | returning existing pair: (pair=55834574883, name=DummyRelationshipComponentEcsWildcard)

0:00:00.039001 | INFO | component | 279 | registered component to world: (id=146028888077, name=EcsWildcardDummyComponentTarget)

0:00:00.039001 | INFO | ecs_add | 627 | 

        ____ADDING WILDCARD____


0:00:00.039001 | DEBUG | ecs_add | 629 |  - Entity(id=146028888077, name=EcsWildcardDummyComponentTarget) + Components('EcsPair',)

0:00:00.039001 | DEBUG | __move_entity | 518 | moving entity archetype: Entity(id=146028888077, name=EcsWildcardDummyComponentTarget) with Components('EcsPair',) on is_add

0:00:00.039001 | INFO | traverse_archetype_cache | 983 | Traversed archetype_cache getting destination_archetype: Archetype(type=('EcsComponent', 'EcsPair'))
0:00:00.039001 | INFO | __pop_entity_from | 606 | popped entity from archetype: EntityData(<Stack(size=1, top=ComponentRecord(type=type, archetype_map=ArchetypeMap(0 archetypes)))>: [ComponentRecord(type=type, archetype_map=ArchetypeMap(0 archetypes))])
0:00:00.039001 | INFO | __move_entity | 558 | moved entity from source to destination archetype: Entity(id=146028888077, name=EcsWildcardDummyComponentTarget) from Source(type=('EcsComponent',)) to Destination(type=('EcsComponent', 'EcsPair'))
0:00:00.039001 | INFO | ecs_add | 633 | 

        ____ADDED WILDCARD___

0:00:00.039001 | INFO | pair | 375 | registered pair to the world (id=146028888077, name=EcsWildcardDummyComponentTarget, type=<class 'types.DummyComponentTarget'>)

0:00:00.039001 | DEBUG | pair | 346 | returning existing pair: (pair=55834574884, name=DummyRelationshipTagEcsWildcard)

0:00:00.039001 | DEBUG | pair | 346 | returning existing pair: (pair=146028888077, name=EcsWildcardDummyComponentTarget)

0:00:00.040001 | INFO | __init__ | 45 | 

        ****************************
        * Initialsing EcsWorld API *
        ****************************

        
0:00:00.040001 | INFO | __init__ | 56 | 

**** entity & archetype indexs initialised ****

0:00:00.040001 | INFO | __init__ | 59 | 

**** graveyard initialised ****

0:00:00.040001 | INFO | __init__ | 62 | 

**** built-in ecs type identifers initialising ****

0:00:00.040001 | INFO | __bootstrap_ecs_component | 135 | 

**** bootstrapping EcsComponent ****

0:00:00.040001 | INFO | __bootstrap_ecs_component | 141 | Archetype type and entity will show as None, ignore for now.
0:00:00.040001 | INFO | archetype | 407 | registered archetype to the world: (type=(None,))

0:00:00.040001 | DEBUG | archetype | 408 | 
                - ENTITIES:  (None,)
                - COLUMN_MAP: [0]
                - COLUMNS:    [[ComponentRecord(type=type, archetype_map=ArchetypeMap(0 archetypes))]]

            
0:00:00.040001 | INFO | __bootstrap_ecs_component | 162 | 

**** bootstrapped EcsComponent ****

0:00:00.040001 | INFO | __bootstrap_ecs_tag | 176 | 

**** bootstrapping EcsTag ****

0:00:00.040001 | INFO | archetype | 407 | registered archetype to the world: (type=('EcsComponent', None))

0:00:00.040001 | DEBUG | archetype | 408 | 
                - ENTITIES:  (None,)
                - COLUMN_MAP: [0, -1]
                - COLUMNS:    [[ComponentRecord(type=type, archetype_map=ArchetypeMap(0 archetypes))]]

            
0:00:00.040001 | INFO | __bootstrap_ecs_tag | 202 | 

**** bootstrapped EcsTag ****

0:00:00.040001 | INFO | __bootstrap_ecs_entity | 209 | bootstrapping EcsEntity.
0:00:00.040001 | INFO | tag | 301 | registered tag to world: (id=3, name=EcsEntity)

0:00:00.040001 | INFO | archetype | 407 | registered archetype to the world: (type=('EcsEntity',))

0:00:00.040001 | DEBUG | archetype | 408 | 
                - ENTITIES:  ()
                - COLUMN_MAP: [-1]
                - COLUMNS:    []

            
0:00:00.040001 | INFO | tag | 301 | registered tag to world: (id=4, name=EcsRelationship)

0:00:00.040001 | INFO | tag | 301 | registered tag to world: (id=5, name=EcsPair)

0:00:00.040001 | INFO | __init__ | 71 | 

**** built-in ecs type identifers initialised ****

0:00:00.040001 | INFO | __init__ | 74 | 

**** built-in ecs traits initialising ****

0:00:00.040001 | INFO | tag | 301 | registered tag to world: (id=6, name=EcsPairIsTag)

0:00:00.040001 | INFO | tag | 301 | registered tag to world: (id=7, name=EcsFinal)

0:00:00.040001 | INFO | tag | 301 | registered tag to world: (id=8, name=EcsOnInstantiate)

0:00:00.040001 | INFO | ecs_add | 626 | 

  ---- ADDING COMPONENTS TO ENTITY ----

0:00:00.040001 | DEBUG | ecs_add | 629 |  - Entity(id=8, name=EcsOnInstantiate) + Components('EcsRelationship',)

0:00:00.040001 | DEBUG | __move_entity | 518 | moving entity archetype: Entity(id=8, name=EcsOnInstantiate) with Components('EcsRelationship',) on is_add

0:00:00.040001 | DEBUG | traverse_archetype_cache | 966 | Constructed a new component cache for component: Component(id=4, name=EcsRelationship)
0:00:00.040001 | DEBUG | traverse_archetype_cache | 969 | Creating archetype cache for component: Component(id=4, name=EcsRelationship) with key add
0:00:00.040001 | DEBUG | construct_destination_archetype_for_add_edge | 1087 | filtered source_components: [1, 2]
0:00:00.040001 | INFO | construct_destination_archetype_for_add_edge | 1093 | Constructed destination components for add_edge: Components('EcsComponent', 'EcsTag', 'EcsRelationship')
0:00:00.040001 | INFO | __register_archetype_to_component | 470 | registered archetype to component: Archetype(type=('EcsComponent', 'EcsTag', 'EcsRelationship')) (component=1, component_name=EcsComponent) 
0:00:00.040001 | INFO | __register_archetype_to_component | 470 | registered archetype to component: Archetype(type=('EcsComponent', 'EcsTag', 'EcsRelationship')) (component=2, component_name=EcsTag) 
0:00:00.041000 | INFO | __register_archetype_to_component | 470 | registered archetype to component: Archetype(type=('EcsComponent', 'EcsTag', 'EcsRelationship')) (component=4, component_name=EcsRelationship) 
0:00:00.041000 | INFO | archetype | 407 | registered archetype to the world: (type=('EcsComponent', 'EcsTag', 'EcsRelationship'))

0:00:00.041000 | DEBUG | archetype | 408 | 
                - ENTITIES:  ()
                - COLUMN_MAP: [0, -1, -1]
                - COLUMNS:    [[]]

            
0:00:00.041000 | DEBUG | traverse_archetype_cache | 977 | Cached archetype_record in archetype_cache: Archetype(type=('EcsComponent', 'EcsTag', 'EcsRelationship')) for Component(id=4, name=EcsRelationship) with key add
0:00:00.041000 | INFO | traverse_archetype_cache | 983 | Traversed archetype_cache getting destination_archetype: Archetype(type=('EcsComponent', 'EcsTag', 'EcsRelationship'))
0:00:00.041000 | INFO | __pop_entity_from | 606 | popped entity from archetype: EntityData(<Stack(size=1, top=ComponentRecord(type=type, archetype_map=ArchetypeMap(0 archetypes)))>: [ComponentRecord(type=type, archetype_map=ArchetypeMap(0 archetypes))])
0:00:00.041000 | INFO | __move_entity | 558 | moved entity from source to destination archetype: Entity(id=8, name=EcsOnInstantiate) from Source(type=('EcsComponent', 'EcsTag')) to Destination(type=('EcsComponent', 'EcsTag', 'EcsRelationship'))
0:00:00.041000 | INFO | ecs_add | 632 | 

  ---- ADDED COMPONENTS TO ENTITY ----

0:00:00.041000 | INFO | relationship | 323 | registered relationship to world: (id=8, name=EcsOnInstantiate)

0:00:00.041000 | INFO | tag | 301 | registered tag to world: (id=9, name=EcsDontInherit)

0:00:00.041000 | INFO | tag | 301 | registered tag to world: (id=10, name=EcsExclusive)

0:00:00.041000 | INFO | tag | 301 | registered tag to world: (id=11, name=EcsSymmetric)

0:00:00.041000 | INFO | component | 279 | registered component to world: (id=12, name=EcsCanToggle)

0:00:00.041000 | INFO | __init__ | 90 | 

**** built-in ecs traits initialised ****

0:00:00.041000 | INFO | __init__ | 93 | 

**** built-in ecs relationships initialising ****

0:00:00.041000 | INFO | tag | 301 | registered tag to world: (id=13, name=EcsWildcard)

0:00:00.041000 | INFO | ecs_add | 626 | 

  ---- ADDING COMPONENTS TO ENTITY ----

0:00:00.041000 | DEBUG | ecs_add | 629 |  - Entity(id=13, name=EcsWildcard) + Components('EcsRelationship',)

0:00:00.041000 | DEBUG | __move_entity | 518 | moving entity archetype: Entity(id=13, name=EcsWildcard) with Components('EcsRelationship',) on is_add

0:00:00.041000 | INFO | traverse_archetype_cache | 983 | Traversed archetype_cache getting destination_archetype: Archetype(type=('EcsComponent', 'EcsTag', 'EcsRelationship'))
0:00:00.041000 | INFO | __pop_entity_from | 606 | popped entity from archetype: EntityData(<Stack(size=1, top=ComponentRecord(type=type, archetype_map=ArchetypeMap(0 archetypes)))>: [ComponentRecord(type=type, archetype_map=ArchetypeMap(0 archetypes))])
0:00:00.041000 | INFO | __move_entity | 558 | moved entity from source to destination archetype: Entity(id=13, name=EcsWildcard) from Source(type=('EcsComponent', 'EcsTag')) to Destination(type=('EcsComponent', 'EcsTag', 'EcsRelationship'))
0:00:00.041000 | INFO | ecs_add | 632 | 

  ---- ADDED COMPONENTS TO ENTITY ----

0:00:00.041000 | INFO | relationship | 323 | registered relationship to world: (id=13, name=EcsWildcard)

0:00:00.041000 | INFO | tag | 301 | registered tag to world: (id=14, name=EcsIsA)

0:00:00.042000 | INFO | ecs_add | 626 | 

  ---- ADDING COMPONENTS TO ENTITY ----

0:00:00.042000 | DEBUG | ecs_add | 629 |  - Entity(id=14, name=EcsIsA) + Components('EcsRelationship',)

0:00:00.042000 | DEBUG | __move_entity | 518 | moving entity archetype: Entity(id=14, name=EcsIsA) with Components('EcsRelationship',) on is_add

0:00:00.042000 | INFO | traverse_archetype_cache | 983 | Traversed archetype_cache getting destination_archetype: Archetype(type=('EcsComponent', 'EcsTag', 'EcsRelationship'))
0:00:00.042000 | INFO | __pop_entity_from | 606 | popped entity from archetype: EntityData(<Stack(size=1, top=ComponentRecord(type=type, archetype_map=ArchetypeMap(0 archetypes)))>: [ComponentRecord(type=type, archetype_map=ArchetypeMap(0 archetypes))])
0:00:00.042000 | INFO | __move_entity | 558 | moved entity from source to destination archetype: Entity(id=14, name=EcsIsA) from Source(type=('EcsComponent', 'EcsTag')) to Destination(type=('EcsComponent', 'EcsTag', 'EcsRelationship'))
0:00:00.042000 | INFO | ecs_add | 632 | 

  ---- ADDED COMPONENTS TO ENTITY ----

0:00:00.042000 | INFO | relationship | 323 | registered relationship to world: (id=14, name=EcsIsA)

0:00:00.042000 | INFO | tag | 301 | registered tag to world: (id=15, name=EcsChildOf)

0:00:00.042000 | INFO | ecs_add | 626 | 

  ---- ADDING COMPONENTS TO ENTITY ----

0:00:00.042000 | DEBUG | ecs_add | 629 |  - Entity(id=15, name=EcsChildOf) + Components('EcsRelationship',)

0:00:00.042000 | DEBUG | __move_entity | 518 | moving entity archetype: Entity(id=15, name=EcsChildOf) with Components('EcsRelationship',) on is_add

0:00:00.042000 | INFO | traverse_archetype_cache | 983 | Traversed archetype_cache getting destination_archetype: Archetype(type=('EcsComponent', 'EcsTag', 'EcsRelationship'))
0:00:00.042000 | INFO | __pop_entity_from | 606 | popped entity from archetype: EntityData(<Stack(size=1, top=ComponentRecord(type=type, archetype_map=ArchetypeMap(0 archetypes)))>: [ComponentRecord(type=type, archetype_map=ArchetypeMap(0 archetypes))])
0:00:00.042000 | INFO | __move_entity | 558 | moved entity from source to destination archetype: Entity(id=15, name=EcsChildOf) from Source(type=('EcsComponent', 'EcsTag')) to Destination(type=('EcsComponent', 'EcsTag', 'EcsRelationship'))
0:00:00.042000 | INFO | ecs_add | 632 | 

  ---- ADDED COMPONENTS TO ENTITY ----

0:00:00.042000 | INFO | relationship | 323 | registered relationship to world: (id=15, name=EcsChildOf)

0:00:00.042000 | INFO | ecs_add | 626 | 

  ---- ADDING COMPONENTS TO ENTITY ----

0:00:00.042000 | DEBUG | ecs_add | 629 |  - Entity(id=15, name=EcsChildOf) + Components('EcsExclusive',)

0:00:00.042000 | DEBUG | __move_entity | 518 | moving entity archetype: Entity(id=15, name=EcsChildOf) with Components('EcsExclusive',) on is_add

0:00:00.042000 | DEBUG | traverse_archetype_cache | 966 | Constructed a new component cache for component: Component(id=10, name=EcsExclusive)
0:00:00.042000 | DEBUG | traverse_archetype_cache | 969 | Creating archetype cache for component: Component(id=10, name=EcsExclusive) with key add
0:00:00.042000 | DEBUG | construct_destination_archetype_for_add_edge | 1087 | filtered source_components: [1, 2, 4]
0:00:00.042000 | INFO | construct_destination_archetype_for_add_edge | 1093 | Constructed destination components for add_edge: Components('EcsComponent', 'EcsTag', 'EcsRelationship', 'EcsExclusive')
0:00:00.042000 | INFO | __register_archetype_to_component | 470 | registered archetype to component: Archetype(type=('EcsComponent', 'EcsTag', 'EcsRelationship', 'EcsExclusive')) (component=1, component_name=EcsComponent) 
0:00:00.042000 | INFO | __register_archetype_to_component | 470 | registered archetype to component: Archetype(type=('EcsComponent', 'EcsTag', 'EcsRelationship', 'EcsExclusive')) (component=2, component_name=EcsTag) 
0:00:00.042000 | INFO | __register_archetype_to_component | 470 | registered archetype to component: Archetype(type=('EcsComponent', 'EcsTag', 'EcsRelationship', 'EcsExclusive')) (component=4, component_name=EcsRelationship) 
0:00:00.042000 | INFO | __register_archetype_to_component | 470 | registered archetype to component: Archetype(type=('EcsComponent', 'EcsTag', 'EcsRelationship', 'EcsExclusive')) (component=10, component_name=EcsExclusive) 
0:00:00.042000 | INFO | archetype | 407 | registered archetype to the world: (type=('EcsComponent', 'EcsTag', 'EcsRelationship', 'EcsExclusive'))

0:00:00.043000 | DEBUG | archetype | 408 | 
                - ENTITIES:  ()
                - COLUMN_MAP: [0, -1, -1, -1]
                - COLUMNS:    [[]]

            
0:00:00.043000 | DEBUG | traverse_archetype_cache | 977 | Cached archetype_record in archetype_cache: Archetype(type=('EcsComponent', 'EcsTag', 'EcsRelationship', 'EcsExclusive')) for Component(id=10, name=EcsExclusive) with key add
0:00:00.043000 | INFO | traverse_archetype_cache | 983 | Traversed archetype_cache getting destination_archetype: Archetype(type=('EcsComponent', 'EcsTag', 'EcsRelationship', 'EcsExclusive'))
0:00:00.043000 | INFO | __pop_entity_from | 606 | popped entity from archetype: EntityData(<Stack(size=1, top=ComponentRecord(type=type, archetype_map=ArchetypeMap(0 archetypes)))>: [ComponentRecord(type=type, archetype_map=ArchetypeMap(0 archetypes))])
0:00:00.043000 | INFO | __move_entity | 558 | moved entity from source to destination archetype: Entity(id=15, name=EcsChildOf) from Source(type=('EcsComponent', 'EcsTag', 'EcsRelationship')) to Destination(type=('EcsComponent', 'EcsTag', 'EcsRelationship', 'EcsExclusive'))
0:00:00.043000 | INFO | ecs_add | 632 | 

  ---- ADDED COMPONENTS TO ENTITY ----

0:00:00.043000 | INFO | tag | 301 | registered tag to world: (id=16, name=EcsWith)

0:00:00.043000 | INFO | ecs_add | 626 | 

  ---- ADDING COMPONENTS TO ENTITY ----

0:00:00.043000 | DEBUG | ecs_add | 629 |  - Entity(id=16, name=EcsWith) + Components('EcsRelationship',)

0:00:00.043000 | DEBUG | __move_entity | 518 | moving entity archetype: Entity(id=16, name=EcsWith) with Components('EcsRelationship',) on is_add

0:00:00.043000 | INFO | traverse_archetype_cache | 983 | Traversed archetype_cache getting destination_archetype: Archetype(type=('EcsComponent', 'EcsTag', 'EcsRelationship'))
0:00:00.043000 | INFO | __pop_entity_from | 606 | popped entity from archetype: EntityData(<Stack(size=1, top=ComponentRecord(type=type, archetype_map=ArchetypeMap(0 archetypes)))>: [ComponentRecord(type=type, archetype_map=ArchetypeMap(0 archetypes))])
0:00:00.043000 | INFO | __move_entity | 558 | moved entity from source to destination archetype: Entity(id=16, name=EcsWith) from Source(type=('EcsComponent', 'EcsTag')) to Destination(type=('EcsComponent', 'EcsTag', 'EcsRelationship'))
0:00:00.043000 | INFO | ecs_add | 632 | 

  ---- ADDED COMPONENTS TO ENTITY ----

0:00:00.043000 | INFO | relationship | 323 | registered relationship to world: (id=16, name=EcsWith)

0:00:00.043000 | INFO | __init__ | 117 | 

**** built-in ecs relationships initialised ****

0:00:00.043000 | SUCCESS | __init__ | 119 | 

        ****************************
        * Initialised EcsWorld API *
        ****************************

        
0:00:00.043000 | INFO | tag | 301 | registered tag to world: (id=17, name=Health)

0:00:00.043000 | INFO | tag | 301 | registered tag to world: (id=18, name=Level)

0:00:00.043000 | INFO | tag | 301 | registered tag to world: (id=19, name=Defense)

0:00:00.043000 | INFO | tag | 301 | registered tag to world: (id=20, name=Speed)

0:00:00.043000 | INFO | __register_archetype_to_component | 470 | registered archetype to component: Archetype(type=('Health',)) (component=17, component_name=Health) 
0:00:00.043000 | INFO | archetype | 407 | registered archetype to the world: (type=('Health',))

0:00:00.043000 | DEBUG | archetype | 408 | 
                - ENTITIES:  ()
                - COLUMN_MAP: [-1]
                - COLUMNS:    []

            
0:00:00.044005 | INFO | __register_archetype_to_component | 470 | registered archetype to component: Archetype(type=('Health', 'Level')) (component=17, component_name=Health) 
0:00:00.044005 | INFO | __register_archetype_to_component | 470 | registered archetype to component: Archetype(type=('Health', 'Level')) (component=18, component_name=Level) 
0:00:00.044005 | INFO | archetype | 407 | registered archetype to the world: (type=('Health', 'Level'))

0:00:00.044005 | DEBUG | archetype | 408 | 
                - ENTITIES:  ()
                - COLUMN_MAP: [-1, -1]
                - COLUMNS:    []

            
0:00:00.044005 | INFO | __register_archetype_to_component | 470 | registered archetype to component: Archetype(type=('Health', 'Level', 'Defense')) (component=17, component_name=Health) 
0:00:00.044005 | INFO | __register_archetype_to_component | 470 | registered archetype to component: Archetype(type=('Health', 'Level', 'Defense')) (component=18, component_name=Level) 
0:00:00.044005 | INFO | __register_archetype_to_component | 470 | registered archetype to component: Archetype(type=('Health', 'Level', 'Defense')) (component=19, component_name=Defense) 
0:00:00.044005 | INFO | archetype | 407 | registered archetype to the world: (type=('Health', 'Level', 'Defense'))

0:00:00.044005 | DEBUG | archetype | 408 | 
                - ENTITIES:  ()
                - COLUMN_MAP: [-1, -1, -1]
                - COLUMNS:    []

            
0:00:00.044005 | INFO | __register_archetype_to_component | 470 | registered archetype to component: Archetype(type=('Health', 'Level', 'Defense', 'Speed')) (component=17, component_name=Health) 
0:00:00.044005 | INFO | __register_archetype_to_component | 470 | registered archetype to component: Archetype(type=('Health', 'Level', 'Defense', 'Speed')) (component=18, component_name=Level) 
0:00:00.044005 | INFO | __register_archetype_to_component | 470 | registered archetype to component: Archetype(type=('Health', 'Level', 'Defense', 'Speed')) (component=19, component_name=Defense) 
0:00:00.044005 | INFO | __register_archetype_to_component | 470 | registered archetype to component: Archetype(type=('Health', 'Level', 'Defense', 'Speed')) (component=20, component_name=Speed) 
0:00:00.044005 | INFO | archetype | 407 | registered archetype to the world: (type=('Health', 'Level', 'Defense', 'Speed'))

0:00:00.044005 | DEBUG | archetype | 408 | 
                - ENTITIES:  ()
                - COLUMN_MAP: [-1, -1, -1, -1]
                - COLUMNS:    []

            
0:00:00.044005 | DEBUG | execute | 122 | archetype succeded predicate.
0:00:00.044005 | DEBUG | execute | 122 | archetype succeded predicate.
0:00:00.044005 | DEBUG | execute | 122 | archetype succeded predicate.
0:00:00.044005 | DEBUG | execute | 122 | archetype succeded predicate.
0:00:00.044005 | DEBUG | execute | 122 | archetype succeded predicate.
0:00:00.044005 | DEBUG | execute | 122 | archetype succeded predicate.
0:00:00.044005 | DEBUG | execute | 122 | archetype succeded predicate.
0:00:00.044005 | DEBUG | execute | 122 | archetype succeded predicate.
0:00:00.044005 | DEBUG | execute | 122 | archetype succeded predicate.
0:00:00.044005 | DEBUG | execute | 122 | archetype succeded predicate.
0:00:00.044005 | INFO | tag | 301 | registered tag to world: (id=38654705672, name=EcsOnInstantiateEcsDontInherit)

0:00:00.044005 | INFO | ecs_add | 626 | 

  ---- ADDING COMPONENTS TO ENTITY ----

0:00:00.044005 | DEBUG | ecs_add | 629 |  - Entity(id=38654705672, name=EcsOnInstantiateEcsDontInherit) + Components('EcsPair',)

0:00:00.044005 | DEBUG | __move_entity | 518 | moving entity archetype: Entity(id=38654705672, name=EcsOnInstantiateEcsDontInherit) with Components('EcsPair',) on is_add

0:00:00.044005 | DEBUG | traverse_archetype_cache | 966 | Constructed a new component cache for component: Component(id=5, name=EcsPair)
0:00:00.044005 | DEBUG | traverse_archetype_cache | 969 | Creating archetype cache for component: Component(id=5, name=EcsPair) with key add
0:00:00.044005 | INFO | __get_ecs_with_components_from | 839 | Getting all components connected through ecs_with trait from component EcsPair
0:00:00.044005 | INFO | tag | 301 | registered tag to world: (id=55834574864, name=EcsWithEcsWildcard)

0:00:00.044005 | INFO | ecs_add | 627 | 

        ____ADDING WILDCARD____


0:00:00.044005 | DEBUG | ecs_add | 629 |  - Entity(id=55834574864, name=EcsWithEcsWildcard) + Components('EcsPair',)

0:00:00.044005 | DEBUG | __move_entity | 518 | moving entity archetype: Entity(id=55834574864, name=EcsWithEcsWildcard) with Components('EcsPair',) on is_add

0:00:00.044005 | DEBUG | traverse_archetype_cache | 969 | Creating archetype cache for component: Component(id=5, name=EcsPair) with key add
0:00:00.044005 | INFO | __get_ecs_with_components_from | 839 | Getting all components connected through ecs_with trait from component EcsPair
0:00:00.044005 | DEBUG | pair | 346 | returning existing pair: (pair=55834574864, name=EcsWithEcsWildcard)

0:00:00.044005 | DEBUG | __get_ecs_with_components_from | 867 | returning components from get_ecs_with_components: ()
0:00:00.044005 | DEBUG | construct_destination_archetype_for_add_edge | 1087 | filtered source_components: [1, 2]
0:00:00.044005 | INFO | construct_destination_archetype_for_add_edge | 1093 | Constructed destination components for add_edge: Components('EcsComponent', 'EcsTag', 'EcsPair')
0:00:00.044005 | INFO | __register_archetype_to_component | 470 | registered archetype to component: Archetype(type=('EcsComponent', 'EcsTag', 'EcsPair')) (component=1, component_name=EcsComponent) 
0:00:00.044999 | INFO | __register_archetype_to_component | 470 | registered archetype to component: Archetype(type=('EcsComponent', 'EcsTag', 'EcsPair')) (component=2, component_name=EcsTag) 
0:00:00.044999 | INFO | __register_archetype_to_component | 470 | registered archetype to component: Archetype(type=('EcsComponent', 'EcsTag', 'EcsPair')) (component=5, component_name=EcsPair) 
0:00:00.044999 | INFO | archetype | 407 | registered archetype to the world: (type=('EcsComponent', 'EcsTag', 'EcsPair'))

0:00:00.044999 | DEBUG | archetype | 408 | 
                - ENTITIES:  ()
                - COLUMN_MAP: [0, -1, -1]
                - COLUMNS:    [[]]

            
0:00:00.044999 | DEBUG | traverse_archetype_cache | 977 | Cached archetype_record in archetype_cache: Archetype(type=('EcsComponent', 'EcsTag', 'EcsPair')) for Component(id=5, name=EcsPair) with key add
0:00:00.044999 | INFO | traverse_archetype_cache | 983 | Traversed archetype_cache getting destination_archetype: Archetype(type=('EcsComponent', 'EcsTag', 'EcsPair'))
0:00:00.044999 | INFO | __pop_entity_from | 606 | popped entity from archetype: EntityData(<Stack(size=1, top=ComponentRecord(type=type, archetype_map=ArchetypeMap(0 archetypes)))>: [ComponentRecord(type=type, archetype_map=ArchetypeMap(0 archetypes))])
0:00:00.044999 | INFO | __move_entity | 558 | moved entity from source to destination archetype: Entity(id=55834574864, name=EcsWithEcsWildcard) from Source(type=('EcsComponent', 'EcsTag')) to Destination(type=('EcsComponent', 'EcsTag', 'EcsPair'))
0:00:00.044999 | INFO | ecs_add | 633 | 

        ____ADDED WILDCARD___

0:00:00.044999 | INFO | pair | 375 | registered pair to the world (id=55834574864, name=EcsWithEcsWildcard, type=None)

0:00:00.044999 | DEBUG | __get_ecs_with_components_from | 867 | returning components from get_ecs_with_components: ()
0:00:00.044999 | DEBUG | construct_destination_archetype_for_add_edge | 1087 | filtered source_components: [1, 2]
0:00:00.044999 | INFO | construct_destination_archetype_for_add_edge | 1093 | Constructed destination components for add_edge: Components('EcsComponent', 'EcsTag', 'EcsPair')
0:00:00.044999 | INFO | archetype | 415 | retrieved archetype from world: (type=('EcsComponent', 'EcsTag', 'EcsPair'))
0:00:00.044999 | DEBUG | traverse_archetype_cache | 977 | Cached archetype_record in archetype_cache: Archetype(type=('EcsComponent', 'EcsTag', 'EcsPair')) for Component(id=5, name=EcsPair) with key add
0:00:00.044999 | INFO | traverse_archetype_cache | 983 | Traversed archetype_cache getting destination_archetype: Archetype(type=('EcsComponent', 'EcsTag', 'EcsPair'))
0:00:00.044999 | INFO | __pop_entity_from | 606 | popped entity from archetype: EntityData(<Stack(size=1, top=ComponentRecord(type=type, archetype_map=ArchetypeMap(0 archetypes)))>: [ComponentRecord(type=type, archetype_map=ArchetypeMap(0 archetypes))])
0:00:00.044999 | INFO | __move_entity | 558 | moved entity from source to destination archetype: Entity(id=38654705672, name=EcsOnInstantiateEcsDontInherit) from Source(type=('EcsComponent', 'EcsTag')) to Destination(type=('EcsComponent', 'EcsTag', 'EcsPair'))
0:00:00.044999 | INFO | ecs_add | 632 | 

  ---- ADDED COMPONENTS TO ENTITY ----

0:00:00.044999 | INFO | pair | 375 | registered pair to the world (id=38654705672, name=EcsOnInstantiateEcsDontInherit, type=None)

0:00:00.044999 | INFO | tag | 301 | registered tag to world: (id=55834574862, name=EcsIsAEcsWildcard)

0:00:00.044999 | INFO | ecs_add | 627 | 

        ____ADDING WILDCARD____


0:00:00.044999 | DEBUG | ecs_add | 629 |  - Entity(id=55834574862, name=EcsIsAEcsWildcard) + Components('EcsPair',)

0:00:00.044999 | DEBUG | __move_entity | 518 | moving entity archetype: Entity(id=55834574862, name=EcsIsAEcsWildcard) with Components('EcsPair',) on is_add

0:00:00.044999 | INFO | traverse_archetype_cache | 983 | Traversed archetype_cache getting destination_archetype: Archetype(type=('EcsComponent', 'EcsTag', 'EcsPair'))
0:00:00.044999 | INFO | __pop_entity_from | 606 | popped entity from archetype: EntityData(<Stack(size=1, top=ComponentRecord(type=type, archetype_map=ArchetypeMap(0 archetypes)))>: [ComponentRecord(type=type, archetype_map=ArchetypeMap(0 archetypes))])
0:00:00.044999 | INFO | __move_entity | 558 | moved entity from source to destination archetype: Entity(id=55834574862, name=EcsIsAEcsWildcard) from Source(type=('EcsComponent', 'EcsTag')) to Destination(type=('EcsComponent', 'EcsTag', 'EcsPair'))
0:00:00.044999 | INFO | ecs_add | 633 | 

        ____ADDED WILDCARD___

0:00:00.044999 | INFO | pair | 375 | registered pair to the world (id=55834574862, name=EcsIsAEcsWildcard, type=None)

0:00:00.044999 | DEBUG | execute | 117 | archetype failed predicate.
0:00:00.044999 | DEBUG | execute | 122 | archetype succeded predicate.
0:00:00.044999 | DEBUG | pair | 346 | returning existing pair: (pair=38654705672, name=EcsOnInstantiateEcsDontInherit)

0:00:00.044999 | DEBUG | pair | 346 | returning existing pair: (pair=55834574862, name=EcsIsAEcsWildcard)

0:00:00.044999 | DEBUG | execute | 117 | archetype failed predicate.
0:00:00.044999 | DEBUG | execute | 122 | archetype succeded predicate.
0:00:00.044999 | DEBUG | pair | 346 | returning existing pair: (pair=38654705672, name=EcsOnInstantiateEcsDontInherit)

0:00:00.044999 | DEBUG | pair | 346 | returning existing pair: (pair=55834574862, name=EcsIsAEcsWildcard)

0:00:00.044999 | DEBUG | pair | 346 | returning existing pair: (pair=38654705672, name=EcsOnInstantiateEcsDontInherit)

0:00:00.044999 | DEBUG | pair | 346 | returning existing pair: (pair=55834574862, name=EcsIsAEcsWildcard)

0:00:00.044999 | DEBUG | execute | 117 | archetype failed predicate.
0:00:00.044999 | DEBUG | execute | 122 | archetype succeded predicate.
0:00:00.044999 | DEBUG | execute | 122 | archetype succeded predicate.
0:00:00.044999 | DEBUG | execute | 122 | archetype succeded predicate.
0:00:00.044999 | DEBUG | pair | 346 | returning existing pair: (pair=38654705672, name=EcsOnInstantiateEcsDontInherit)

0:00:00.044999 | DEBUG | pair | 346 | returning existing pair: (pair=55834574862, name=EcsIsAEcsWildcard)

0:00:00.044999 | DEBUG | pair | 346 | returning existing pair: (pair=38654705672, name=EcsOnInstantiateEcsDontInherit)

0:00:00.045999 | DEBUG | pair | 346 | returning existing pair: (pair=55834574862, name=EcsIsAEcsWildcard)

0:00:00.045999 | DEBUG | execute | 117 | archetype failed predicate.
0:00:00.045999 | DEBUG | pair | 346 | returning existing pair: (pair=38654705672, name=EcsOnInstantiateEcsDontInherit)

0:00:00.045999 | DEBUG | pair | 346 | returning existing pair: (pair=55834574862, name=EcsIsAEcsWildcard)

0:00:00.045999 | DEBUG | execute | 122 | archetype succeded predicate.
0:00:00.045999 | DEBUG | pair | 346 | returning existing pair: (pair=38654705672, name=EcsOnInstantiateEcsDontInherit)

0:00:00.045999 | DEBUG | pair | 346 | returning existing pair: (pair=55834574862, name=EcsIsAEcsWildcard)

0:00:00.045999 | DEBUG | execute | 122 | archetype succeded predicate.
0:00:00.045999 | DEBUG | execute | 117 | archetype failed predicate.
0:00:00.045999 | DEBUG | pair | 346 | returning existing pair: (pair=38654705672, name=EcsOnInstantiateEcsDontInherit)

0:00:00.045999 | DEBUG | pair | 346 | returning existing pair: (pair=55834574862, name=EcsIsAEcsWildcard)

0:00:00.045999 | DEBUG | execute | 122 | archetype succeded predicate.
0:00:00.045999 | DEBUG | execute | 117 | archetype failed predicate.
0:00:00.045999 | DEBUG | pair | 346 | returning existing pair: (pair=38654705672, name=EcsOnInstantiateEcsDontInherit)

0:00:00.045999 | DEBUG | pair | 346 | returning existing pair: (pair=55834574862, name=EcsIsAEcsWildcard)

0:00:00.045999 | DEBUG | execute | 122 | archetype succeded predicate.
0:00:00.045999 | DEBUG | execute | 117 | archetype failed predicate.
0:00:00.045999 | DEBUG | pair | 346 | returning existing pair: (pair=38654705672, name=EcsOnInstantiateEcsDontInherit)

0:00:00.045999 | DEBUG | pair | 346 | returning existing pair: (pair=55834574862, name=EcsIsAEcsWildcard)

0:00:00.045999 | DEBUG | execute | 122 | archetype succeded predicate.
0:00:00.045999 | DEBUG | pair | 346 | returning existing pair: (pair=38654705672, name=EcsOnInstantiateEcsDontInherit)

0:00:00.045999 | DEBUG | pair | 346 | returning existing pair: (pair=55834574862, name=EcsIsAEcsWildcard)

0:00:00.045999 | DEBUG | execute | 122 | archetype succeded predicate.
0:00:00.045999 | DEBUG | pair | 346 | returning existing pair: (pair=38654705672, name=EcsOnInstantiateEcsDontInherit)

0:00:00.045999 | DEBUG | pair | 346 | returning existing pair: (pair=55834574862, name=EcsIsAEcsWildcard)

0:00:00.045999 | DEBUG | execute | 122 | archetype succeded predicate.
0:00:00.045999 | DEBUG | execute | 117 | archetype failed predicate.
0:00:00.045999 | DEBUG | pair | 346 | returning existing pair: (pair=38654705672, name=EcsOnInstantiateEcsDontInherit)

0:00:00.045999 | DEBUG | pair | 346 | returning existing pair: (pair=55834574862, name=EcsIsAEcsWildcard)

0:00:00.045999 | DEBUG | pair | 346 | returning existing pair: (pair=38654705672, name=EcsOnInstantiateEcsDontInherit)

0:00:00.045999 | DEBUG | pair | 346 | returning existing pair: (pair=55834574862, name=EcsIsAEcsWildcard)

0:00:00.045999 | DEBUG | execute | 122 | archetype succeded predicate.
0:00:00.045999 | DEBUG | execute | 117 | archetype failed predicate.
0:00:00.045999 | DEBUG | pair | 346 | returning existing pair: (pair=38654705672, name=EcsOnInstantiateEcsDontInherit)

0:00:00.045999 | DEBUG | pair | 346 | returning existing pair: (pair=55834574862, name=EcsIsAEcsWildcard)

0:00:00.045999 | DEBUG | pair | 346 | returning existing pair: (pair=38654705672, name=EcsOnInstantiateEcsDontInherit)

0:00:00.045999 | DEBUG | pair | 346 | returning existing pair: (pair=55834574862, name=EcsIsAEcsWildcard)

0:00:00.045999 | DEBUG | execute | 122 | archetype succeded predicate.
0:00:00.045999 | DEBUG | execute | 117 | archetype failed predicate.
0:00:00.045999 | INFO | entity | 255 | registered entity to world: (id=21, name=Dragon)

0:00:00.045999 | INFO | ecs_add | 626 | 

  ---- ADDING COMPONENTS TO ENTITY ----

0:00:00.045999 | DEBUG | ecs_add | 629 |  - Entity(id=21, name=Dragon) + Components('Health', 'Level', 'Speed', 'Defense')

0:00:00.045999 | DEBUG | __move_entity | 518 | moving entity archetype: Entity(id=21, name=Dragon) with Components('Health', 'Level', 'Speed', 'Defense') on is_add

0:00:00.045999 | DEBUG | traverse_archetype_cache | 966 | Constructed a new component cache for component: Component(id=17, name=Health)
0:00:00.045999 | DEBUG | traverse_archetype_cache | 969 | Creating archetype cache for component: Component(id=17, name=Health) with key add
0:00:00.045999 | INFO | __get_ecs_with_components_from | 839 | Getting all components connected through ecs_with trait from component Health
0:00:00.045999 | DEBUG | pair | 346 | returning existing pair: (pair=55834574864, name=EcsWithEcsWildcard)

0:00:00.046999 | DEBUG | __get_ecs_with_components_from | 867 | returning components from get_ecs_with_components: ()
0:00:00.046999 | DEBUG | construct_destination_archetype_for_add_edge | 1087 | filtered source_components: [3]
0:00:00.046999 | INFO | construct_destination_archetype_for_add_edge | 1093 | Constructed destination components for add_edge: Components('EcsEntity', 'Health')
0:00:00.046999 | INFO | __register_archetype_to_component | 470 | registered archetype to component: Archetype(type=('EcsEntity', 'Health')) (component=3, component_name=EcsEntity) 
0:00:00.046999 | INFO | __register_archetype_to_component | 470 | registered archetype to component: Archetype(type=('EcsEntity', 'Health')) (component=17, component_name=Health) 
0:00:00.046999 | INFO | archetype | 407 | registered archetype to the world: (type=('EcsEntity', 'Health'))

0:00:00.046999 | DEBUG | archetype | 408 | 
                - ENTITIES:  ()
                - COLUMN_MAP: [-1, -1]
                - COLUMNS:    []

            
0:00:00.046999 | DEBUG | traverse_archetype_cache | 977 | Cached archetype_record in archetype_cache: Archetype(type=('EcsEntity', 'Health')) for Component(id=17, name=Health) with key add
0:00:00.046999 | DEBUG | traverse_archetype_cache | 966 | Constructed a new component cache for component: Component(id=18, name=Level)
0:00:00.046999 | DEBUG | traverse_archetype_cache | 969 | Creating archetype cache for component: Component(id=18, name=Level) with key add
0:00:00.046999 | INFO | __get_ecs_with_components_from | 839 | Getting all components connected through ecs_with trait from component Level
0:00:00.046999 | DEBUG | pair | 346 | returning existing pair: (pair=55834574864, name=EcsWithEcsWildcard)

0:00:00.046999 | DEBUG | __get_ecs_with_components_from | 867 | returning components from get_ecs_with_components: ()
0:00:00.046999 | DEBUG | construct_destination_archetype_for_add_edge | 1087 | filtered source_components: [3, 17]
0:00:00.046999 | INFO | construct_destination_archetype_for_add_edge | 1093 | Constructed destination components for add_edge: Components('EcsEntity', 'Health', 'Level')
0:00:00.046999 | INFO | __register_archetype_to_component | 470 | registered archetype to component: Archetype(type=('EcsEntity', 'Health', 'Level')) (component=3, component_name=EcsEntity) 
0:00:00.046999 | INFO | __register_archetype_to_component | 470 | registered archetype to component: Archetype(type=('EcsEntity', 'Health', 'Level')) (component=17, component_name=Health) 
0:00:00.046999 | INFO | __register_archetype_to_component | 470 | registered archetype to component: Archetype(type=('EcsEntity', 'Health', 'Level')) (component=18, component_name=Level) 
0:00:00.046999 | INFO | archetype | 407 | registered archetype to the world: (type=('EcsEntity', 'Health', 'Level'))

0:00:00.046999 | DEBUG | archetype | 408 | 
                - ENTITIES:  ()
                - COLUMN_MAP: [-1, -1, -1]
                - COLUMNS:    []

            
0:00:00.046999 | DEBUG | traverse_archetype_cache | 977 | Cached archetype_record in archetype_cache: Archetype(type=('EcsEntity', 'Health', 'Level')) for Component(id=18, name=Level) with key add
0:00:00.046999 | DEBUG | traverse_archetype_cache | 966 | Constructed a new component cache for component: Component(id=20, name=Speed)
0:00:00.046999 | DEBUG | traverse_archetype_cache | 969 | Creating archetype cache for component: Component(id=20, name=Speed) with key add
0:00:00.046999 | INFO | __get_ecs_with_components_from | 839 | Getting all components connected through ecs_with trait from component Speed
0:00:00.046999 | DEBUG | pair | 346 | returning existing pair: (pair=55834574864, name=EcsWithEcsWildcard)

0:00:00.046999 | DEBUG | __get_ecs_with_components_from | 867 | returning components from get_ecs_with_components: ()
0:00:00.046999 | DEBUG | construct_destination_archetype_for_add_edge | 1087 | filtered source_components: [3, 17, 18]
0:00:00.046999 | INFO | construct_destination_archetype_for_add_edge | 1093 | Constructed destination components for add_edge: Components('EcsEntity', 'Health', 'Level', 'Speed')
0:00:00.046999 | INFO | __register_archetype_to_component | 470 | registered archetype to component: Archetype(type=('EcsEntity', 'Health', 'Level', 'Speed')) (component=3, component_name=EcsEntity) 
0:00:00.046999 | INFO | __register_archetype_to_component | 470 | registered archetype to component: Archetype(type=('EcsEntity', 'Health', 'Level', 'Speed')) (component=17, component_name=Health) 
0:00:00.046999 | INFO | __register_archetype_to_component | 470 | registered archetype to component: Archetype(type=('EcsEntity', 'Health', 'Level', 'Speed')) (component=18, component_name=Level) 
0:00:00.046999 | INFO | __register_archetype_to_component | 470 | registered archetype to component: Archetype(type=('EcsEntity', 'Health', 'Level', 'Speed')) (component=20, component_name=Speed) 
0:00:00.046999 | INFO | archetype | 407 | registered archetype to the world: (type=('EcsEntity', 'Health', 'Level', 'Speed'))

0:00:00.046999 | DEBUG | archetype | 408 | 
                - ENTITIES:  ()
                - COLUMN_MAP: [-1, -1, -1, -1]
                - COLUMNS:    []

            
0:00:00.046999 | DEBUG | traverse_archetype_cache | 977 | Cached archetype_record in archetype_cache: Archetype(type=('EcsEntity', 'Health', 'Level', 'Speed')) for Component(id=20, name=Speed) with key add
0:00:00.046999 | DEBUG | traverse_archetype_cache | 966 | Constructed a new component cache for component: Component(id=19, name=Defense)
0:00:00.046999 | DEBUG | traverse_archetype_cache | 969 | Creating archetype cache for component: Component(id=19, name=Defense) with key add
0:00:00.046999 | INFO | __get_ecs_with_components_from | 839 | Getting all components connected through ecs_with trait from component Defense
0:00:00.046999 | DEBUG | pair | 346 | returning existing pair: (pair=55834574864, name=EcsWithEcsWildcard)

0:00:00.046999 | DEBUG | __get_ecs_with_components_from | 867 | returning components from get_ecs_with_components: ()
0:00:00.046999 | DEBUG | construct_destination_archetype_for_add_edge | 1087 | filtered source_components: [3, 17, 18, 20]
0:00:00.046999 | INFO | construct_destination_archetype_for_add_edge | 1093 | Constructed destination components for add_edge: Components('EcsEntity', 'Health', 'Level', 'Speed', 'Defense')
0:00:00.046999 | INFO | __register_archetype_to_component | 470 | registered archetype to component: Archetype(type=('EcsEntity', 'Health', 'Level', 'Defense', 'Speed')) (component=3, component_name=EcsEntity) 
0:00:00.046999 | INFO | __register_archetype_to_component | 470 | registered archetype to component: Archetype(type=('EcsEntity', 'Health', 'Level', 'Defense', 'Speed')) (component=17, component_name=Health) 
0:00:00.047999 | INFO | __register_archetype_to_component | 470 | registered archetype to component: Archetype(type=('EcsEntity', 'Health', 'Level', 'Defense', 'Speed')) (component=18, component_name=Level) 
0:00:00.047999 | INFO | __register_archetype_to_component | 470 | registered archetype to component: Archetype(type=('EcsEntity', 'Health', 'Level', 'Defense', 'Speed')) (component=19, component_name=Defense) 
0:00:00.047999 | INFO | __register_archetype_to_component | 470 | registered archetype to component: Archetype(type=('EcsEntity', 'Health', 'Level', 'Defense', 'Speed')) (component=20, component_name=Speed) 
0:00:00.047999 | INFO | archetype | 407 | registered archetype to the world: (type=('EcsEntity', 'Health', 'Level', 'Defense', 'Speed'))

0:00:00.047999 | DEBUG | archetype | 408 | 
                - ENTITIES:  ()
                - COLUMN_MAP: [-1, -1, -1, -1, -1]
                - COLUMNS:    []

            
0:00:00.047999 | DEBUG | traverse_archetype_cache | 977 | Cached archetype_record in archetype_cache: Archetype(type=('EcsEntity', 'Health', 'Level', 'Defense', 'Speed')) for Component(id=19, name=Defense) with key add
0:00:00.047999 | INFO | traverse_archetype_cache | 983 | Traversed archetype_cache getting destination_archetype: Archetype(type=('EcsEntity', 'Health', 'Level', 'Defense', 'Speed'))
0:00:00.047999 | INFO | __pop_entity_from | 606 | popped entity from archetype: EntityData(<Stack(size=0, top=None)>: [])
0:00:00.047999 | INFO | __move_entity | 558 | moved entity from source to destination archetype: Entity(id=21, name=Dragon) from Source(type=('EcsEntity',)) to Destination(type=('EcsEntity', 'Health', 'Level', 'Defense', 'Speed'))
0:00:00.047999 | INFO | ecs_add | 632 | 

  ---- ADDED COMPONENTS TO ENTITY ----

0:00:00.047999 | INFO | entity | 255 | registered entity to world: (id=22, name=Wyvern)

0:00:00.047999 | INFO | tag | 301 | registered tag to world: (id=90194313231, name=EcsChildOfDragon)

0:00:00.047999 | INFO | ecs_add | 626 | 

  ---- ADDING COMPONENTS TO ENTITY ----

0:00:00.049004 | DEBUG | ecs_add | 629 |  - Entity(id=90194313231, name=EcsChildOfDragon) + Components('EcsPair',)

0:00:00.049004 | DEBUG | __move_entity | 518 | moving entity archetype: Entity(id=90194313231, name=EcsChildOfDragon) with Components('EcsPair',) on is_add

0:00:00.049004 | INFO | traverse_archetype_cache | 983 | Traversed archetype_cache getting destination_archetype: Archetype(type=('EcsComponent', 'EcsTag', 'EcsPair'))
0:00:00.049004 | INFO | __pop_entity_from | 606 | popped entity from archetype: EntityData(<Stack(size=1, top=ComponentRecord(type=type, archetype_map=ArchetypeMap(0 archetypes)))>: [ComponentRecord(type=type, archetype_map=ArchetypeMap(0 archetypes))])
0:00:00.049004 | INFO | __move_entity | 558 | moved entity from source to destination archetype: Entity(id=90194313231, name=EcsChildOfDragon) from Source(type=('EcsComponent', 'EcsTag')) to Destination(type=('EcsComponent', 'EcsTag', 'EcsPair'))
0:00:00.049004 | INFO | ecs_add | 632 | 

  ---- ADDED COMPONENTS TO ENTITY ----

0:00:00.049004 | INFO | pair | 375 | registered pair to the world (id=90194313231, name=EcsChildOfDragon, type=None)

0:00:00.049004 | INFO | ecs_add | 626 | 

  ---- ADDING COMPONENTS TO ENTITY ----

0:00:00.049004 | DEBUG | ecs_add | 629 |  - Entity(id=22, name=Wyvern) + Components('EcsChildOfDragon',)

0:00:00.049004 | DEBUG | __move_entity | 518 | moving entity archetype: Entity(id=22, name=Wyvern) with Components('EcsChildOfDragon',) on is_add

0:00:00.049004 | DEBUG | traverse_archetype_cache | 966 | Constructed a new component cache for component: Component(id=90194313231, name=EcsChildOfDragon)
0:00:00.050005 | DEBUG | traverse_archetype_cache | 969 | Creating archetype cache for component: Component(id=90194313231, name=EcsChildOfDragon) with key add
0:00:00.050005 | INFO | __get_ecs_with_components_from | 839 | Getting all components connected through ecs_with trait from component EcsChildOfDragon
0:00:00.050005 | DEBUG | pair | 346 | returning existing pair: (pair=55834574864, name=EcsWithEcsWildcard)

0:00:00.050005 | DEBUG | pair | 346 | returning existing pair: (pair=55834574864, name=EcsWithEcsWildcard)

0:00:00.050005 | DEBUG | __get_ecs_with_components_from | 867 | returning components from get_ecs_with_components: ()
0:00:00.050005 | INFO | tag | 301 | registered tag to world: (id=55834574863, name=EcsChildOfEcsWildcard)

0:00:00.050005 | INFO | ecs_add | 627 | 

        ____ADDING WILDCARD____


0:00:00.050005 | DEBUG | ecs_add | 629 |  - Entity(id=55834574863, name=EcsChildOfEcsWildcard) + Components('EcsPair',)

0:00:00.050005 | DEBUG | __move_entity | 518 | moving entity archetype: Entity(id=55834574863, name=EcsChildOfEcsWildcard) with Components('EcsPair',) on is_add

0:00:00.050005 | INFO | traverse_archetype_cache | 983 | Traversed archetype_cache getting destination_archetype: Archetype(type=('EcsComponent', 'EcsTag', 'EcsPair'))
0:00:00.050005 | INFO | __pop_entity_from | 606 | popped entity from archetype: EntityData(<Stack(size=1, top=ComponentRecord(type=type, archetype_map=ArchetypeMap(0 archetypes)))>: [ComponentRecord(type=type, archetype_map=ArchetypeMap(0 archetypes))])
0:00:00.050005 | INFO | __move_entity | 558 | moved entity from source to destination archetype: Entity(id=55834574863, name=EcsChildOfEcsWildcard) from Source(type=('EcsComponent', 'EcsTag')) to Destination(type=('EcsComponent', 'EcsTag', 'EcsPair'))
0:00:00.050005 | INFO | ecs_add | 633 | 

        ____ADDED WILDCARD___

0:00:00.050005 | INFO | pair | 375 | registered pair to the world (id=55834574863, name=EcsChildOfEcsWildcard, type=None)

0:00:00.050005 | DEBUG | __process_exclusive_component | 1143 | processed exclusive relationship component.
0:00:00.050005 | DEBUG | construct_destination_archetype_for_add_edge | 1087 | filtered source_components: [3]
0:00:00.050005 | INFO | construct_destination_archetype_for_add_edge | 1093 | Constructed destination components for add_edge: Components('EcsEntity', 'EcsChildOfDragon')
0:00:00.050005 | INFO | __register_archetype_to_component | 470 | registered archetype to component: Archetype(type=('EcsEntity', 'EcsChildOfDragon')) (component=3, component_name=EcsEntity) 
0:00:00.050005 | INFO | __register_archetype_to_component | 470 | registered archetype to component: Archetype(type=('EcsEntity', 'EcsChildOfDragon')) (component=90194313231, component_name=EcsChildOfDragon) 
0:00:00.050005 | INFO | tag | 301 | registered tag to world: (id=55834574863, name=EcsChildOfEcsWildcard)

0:00:00.050005 | INFO | ecs_add | 627 | 

        ____ADDING WILDCARD____


0:00:00.050005 | DEBUG | ecs_add | 629 |  - Entity(id=55834574863, name=EcsChildOfEcsWildcard) + Components('EcsPair',)

0:00:00.050005 | DEBUG | __move_entity | 518 | moving entity archetype: Entity(id=55834574863, name=EcsChildOfEcsWildcard) with Components('EcsPair',) on is_add

0:00:00.050005 | INFO | traverse_archetype_cache | 983 | Traversed archetype_cache getting destination_archetype: Archetype(type=('EcsComponent', 'EcsTag', 'EcsPair'))
0:00:00.050005 | INFO | __pop_entity_from | 606 | popped entity from archetype: EntityData(<Stack(size=1, top=ComponentRecord(type=type, archetype_map=ArchetypeMap(0 archetypes)))>: [ComponentRecord(type=type, archetype_map=ArchetypeMap(0 archetypes))])
0:00:00.051001 | INFO | __move_entity | 558 | moved entity from source to destination archetype: Entity(id=55834574863, name=EcsChildOfEcsWildcard) from Source(type=('EcsComponent', 'EcsTag')) to Destination(type=('EcsComponent', 'EcsTag', 'EcsPair'))
0:00:00.051001 | INFO | ecs_add | 633 | 

        ____ADDED WILDCARD___

0:00:00.051001 | INFO | pair | 375 | registered pair to the world (id=55834574863, name=EcsChildOfEcsWildcard, type=None)

0:00:00.051001 | INFO | component | 279 | registered component to world: (id=90194313229, name=EcsWildcardDummyDefense)

0:00:00.051001 | INFO | ecs_add | 627 | 

        ____ADDING WILDCARD____


0:00:00.051001 | DEBUG | ecs_add | 629 |  - Entity(id=90194313229, name=EcsWildcardDummyDefense) + Components('EcsPair',)

0:00:00.051001 | DEBUG | __move_entity | 518 | moving entity archetype: Entity(id=90194313229, name=EcsWildcardDummyDefense) with Components('EcsPair',) on is_add

0:00:00.051001 | INFO | traverse_archetype_cache | 983 | Traversed archetype_cache getting destination_archetype: Archetype(type=('EcsComponent', 'EcsPair'))
0:00:00.051001 | INFO | __pop_entity_from | 606 | popped entity from archetype: EntityData(<Stack(size=1, top=ComponentRecord(type=type, archetype_map=ArchetypeMap(0 archetypes)))>: [ComponentRecord(type=type, archetype_map=ArchetypeMap(0 archetypes))])
0:00:00.051001 | INFO | __move_entity | 558 | moved entity from source to destination archetype: Entity(id=90194313229, name=EcsWildcardDummyDefense) from Source(type=('EcsComponent',)) to Destination(type=('EcsComponent', 'EcsPair'))
0:00:00.051001 | INFO | ecs_add | 633 | 

        ____ADDED WILDCARD___

0:00:00.051001 | INFO | pair | 375 | registered pair to the world (id=90194313229, name=EcsWildcardDummyDefense, type=<class 'types.DummyDefense'>)

0:00:00.051001 | DEBUG | pair | 346 | returning existing pair: (pair=55834574861, name=EcsWildcardEcsWildcard)

0:00:00.051001 | INFO | __register_archetype_to_component | 499 | registered archetype to wildcard variants for component.
0:00:00.051001 | INFO | archetype | 407 | registered archetype to the world: (type=('EcsEntity', 'EcsChildOfDragon'))

0:00:00.051001 | DEBUG | archetype | 408 | 
                - ENTITIES:  ()
                - COLUMN_MAP: [-1, -1]
                - COLUMNS:    []

            
0:00:00.051001 | DEBUG | traverse_archetype_cache | 977 | Cached archetype_record in archetype_cache: Archetype(type=('EcsEntity', 'EcsChildOfDragon')) for Component(id=90194313231, name=EcsChildOfDragon) with key add
0:00:00.051001 | INFO | traverse_archetype_cache | 983 | Traversed archetype_cache getting destination_archetype: Archetype(type=('EcsEntity', 'EcsChildOfDragon'))
0:00:00.051001 | INFO | __pop_entity_from | 606 | popped entity from archetype: EntityData(<Stack(size=0, top=None)>: [])
0:00:00.051001 | INFO | __move_entity | 558 | moved entity from source to destination archetype: Entity(id=22, name=Wyvern) from Source(type=('EcsEntity',)) to Destination(type=('EcsEntity', 'EcsChildOfDragon'))
0:00:00.051001 | INFO | ecs_add | 632 | 

  ---- ADDED COMPONENTS TO ENTITY ----

0:00:00.051001 | INFO | entity | 255 | registered entity to world: (id=23, name=Drake)

0:00:00.051001 | DEBUG | pair | 346 | returning existing pair: (pair=90194313231, name=EcsChildOfDragon)

0:00:00.051001 | INFO | ecs_add | 626 | 

  ---- ADDING COMPONENTS TO ENTITY ----

0:00:00.051001 | DEBUG | ecs_add | 629 |  - Entity(id=23, name=Drake) + Components('EcsChildOfDragon',)

0:00:00.051001 | DEBUG | __move_entity | 518 | moving entity archetype: Entity(id=23, name=Drake) with Components('EcsChildOfDragon',) on is_add

0:00:00.051001 | INFO | traverse_archetype_cache | 983 | Traversed archetype_cache getting destination_archetype: Archetype(type=('EcsEntity', 'EcsChildOfDragon'))
0:00:00.051001 | INFO | __pop_entity_from | 606 | popped entity from archetype: EntityData(<Stack(size=0, top=None)>: [])
0:00:00.051001 | INFO | __move_entity | 558 | moved entity from source to destination archetype: Entity(id=23, name=Drake) from Source(type=('EcsEntity',)) to Destination(type=('EcsEntity', 'EcsChildOfDragon'))
0:00:00.052001 | INFO | ecs_add | 632 | 

  ---- ADDED COMPONENTS TO ENTITY ----

0:00:00.052001 | DEBUG | pair | 346 | returning existing pair: (pair=38654705672, name=EcsOnInstantiateEcsDontInherit)

0:00:00.052001 | DEBUG | pair | 346 | returning existing pair: (pair=55834574862, name=EcsIsAEcsWildcard)

0:00:00.052001 | DEBUG | execute | 117 | archetype failed predicate.
0:00:00.052001 | DEBUG | execute | 122 | archetype succeded predicate.
0:00:00.052001 | DEBUG | pair | 346 | returning existing pair: (pair=38654705672, name=EcsOnInstantiateEcsDontInherit)

0:00:00.052001 | DEBUG | pair | 346 | returning existing pair: (pair=55834574862, name=EcsIsAEcsWildcard)

0:00:00.052001 | DEBUG | execute | 117 | archetype failed predicate.
0:00:00.052001 | DEBUG | pair | 346 | returning existing pair: (pair=38654705672, name=EcsOnInstantiateEcsDontInherit)

0:00:00.052001 | DEBUG | pair | 346 | returning existing pair: (pair=55834574862, name=EcsIsAEcsWildcard)

0:00:00.052001 | DEBUG | execute | 117 | archetype failed predicate.
0:00:00.052001 | DEBUG | pair | 346 | returning existing pair: (pair=38654705672, name=EcsOnInstantiateEcsDontInherit)

0:00:00.052001 | DEBUG | pair | 346 | returning existing pair: (pair=55834574862, name=EcsIsAEcsWildcard)

0:00:00.052001 | DEBUG | execute | 117 | archetype failed predicate.
0:00:00.052001 | DEBUG | pair | 346 | returning existing pair: (pair=38654705672, name=EcsOnInstantiateEcsDontInherit)

0:00:00.052001 | DEBUG | pair | 346 | returning existing pair: (pair=55834574862, name=EcsIsAEcsWildcard)

0:00:00.052001 | DEBUG | execute | 117 | archetype failed predicate.
0:00:00.052001 | INFO | entity | 255 | registered entity to world: (id=24, name=PaulTheDragon)

0:00:00.052001 | INFO | tag | 301 | registered tag to world: (id=90194313230, name=EcsIsADragon)

0:00:00.052001 | INFO | ecs_add | 626 | 

  ---- ADDING COMPONENTS TO ENTITY ----

0:00:00.052001 | DEBUG | ecs_add | 629 |  - Entity(id=90194313230, name=EcsIsADragon) + Components('EcsPair',)

0:00:00.052001 | DEBUG | __move_entity | 518 | moving entity archetype: Entity(id=90194313230, name=EcsIsADragon) with Components('EcsPair',) on is_add

0:00:00.052001 | INFO | traverse_archetype_cache | 983 | Traversed archetype_cache getting destination_archetype: Archetype(type=('EcsComponent', 'EcsTag', 'EcsPair'))
0:00:00.052001 | INFO | __pop_entity_from | 606 | popped entity from archetype: EntityData(<Stack(size=1, top=ComponentRecord(type=type, archetype_map=ArchetypeMap(0 archetypes)))>: [ComponentRecord(type=type, archetype_map=ArchetypeMap(0 archetypes))])
0:00:00.052001 | INFO | __move_entity | 558 | moved entity from source to destination archetype: Entity(id=90194313230, name=EcsIsADragon) from Source(type=('EcsComponent', 'EcsTag')) to Destination(type=('EcsComponent', 'EcsTag', 'EcsPair'))
0:00:00.052001 | INFO | ecs_add | 632 | 

  ---- ADDED COMPONENTS TO ENTITY ----

0:00:00.052001 | INFO | pair | 375 | registered pair to the world (id=90194313230, name=EcsIsADragon, type=None)

0:00:00.052001 | INFO | ecs_add | 626 | 

  ---- ADDING COMPONENTS TO ENTITY ----

0:00:00.052001 | DEBUG | ecs_add | 629 |  - Entity(id=24, name=PaulTheDragon) + Components('EcsIsADragon',)

0:00:00.052001 | DEBUG | __move_entity | 518 | moving entity archetype: Entity(id=24, name=PaulTheDragon) with Components('EcsIsADragon',) on is_add

0:00:00.052001 | DEBUG | traverse_archetype_cache | 966 | Constructed a new component cache for component: Component(id=90194313230, name=EcsIsADragon)
0:00:00.052001 | DEBUG | traverse_archetype_cache | 969 | Creating archetype cache for component: Component(id=90194313230, name=EcsIsADragon) with key add
0:00:00.052001 | INFO | __get_ecs_with_components_from | 839 | Getting all components connected through ecs_with trait from component EcsIsADragon
0:00:00.053001 | DEBUG | pair | 346 | returning existing pair: (pair=55834574864, name=EcsWithEcsWildcard)

0:00:00.053001 | DEBUG | pair | 346 | returning existing pair: (pair=55834574864, name=EcsWithEcsWildcard)

0:00:00.053001 | DEBUG | __get_ecs_with_components_from | 867 | returning components from get_ecs_with_components: ()
0:00:00.053001 | DEBUG | construct_destination_archetype_for_add_edge | 1087 | filtered source_components: [3]
0:00:00.053001 | INFO | construct_destination_archetype_for_add_edge | 1093 | Constructed destination components for add_edge: Components('EcsEntity', 'EcsIsADragon')
0:00:00.053001 | INFO | __register_archetype_to_component | 470 | registered archetype to component: Archetype(type=('EcsEntity', 'EcsIsADragon')) (component=3, component_name=EcsEntity) 
0:00:00.053001 | INFO | __register_archetype_to_component | 470 | registered archetype to component: Archetype(type=('EcsEntity', 'EcsIsADragon')) (component=90194313230, component_name=EcsIsADragon) 
0:00:00.053001 | DEBUG | pair | 346 | returning existing pair: (pair=55834574862, name=EcsIsAEcsWildcard)

0:00:00.053001 | DEBUG | pair | 346 | returning existing pair: (pair=90194313229, name=EcsWildcardDummyDefense)

0:00:00.053001 | DEBUG | pair | 346 | returning existing pair: (pair=55834574861, name=EcsWildcardEcsWildcard)

0:00:00.053001 | INFO | __register_archetype_to_component | 499 | registered archetype to wildcard variants for component.
0:00:00.053001 | INFO | archetype | 407 | registered archetype to the world: (type=('EcsEntity', 'EcsIsADragon'))

0:00:00.053001 | DEBUG | archetype | 408 | 
                - ENTITIES:  ()
                - COLUMN_MAP: [-1, -1]
                - COLUMNS:    []

            
0:00:00.053001 | DEBUG | traverse_archetype_cache | 977 | Cached archetype_record in archetype_cache: Archetype(type=('EcsEntity', 'EcsIsADragon')) for Component(id=90194313230, name=EcsIsADragon) with key add
0:00:00.053001 | INFO | traverse_archetype_cache | 983 | Traversed archetype_cache getting destination_archetype: Archetype(type=('EcsEntity', 'EcsIsADragon'))
0:00:00.053001 | INFO | __pop_entity_from | 606 | popped entity from archetype: EntityData(<Stack(size=0, top=None)>: [])
0:00:00.053001 | INFO | __move_entity | 558 | moved entity from source to destination archetype: Entity(id=24, name=PaulTheDragon) from Source(type=('EcsEntity',)) to Destination(type=('EcsEntity', 'EcsIsADragon'))
0:00:00.053001 | INFO | ecs_add | 632 | 

  ---- ADDED COMPONENTS TO ENTITY ----

0:00:00.053001 | INFO | entity | 255 | registered entity to world: (id=25, name=JohnathonTheDragon)

0:00:00.053001 | DEBUG | pair | 346 | returning existing pair: (pair=90194313230, name=EcsIsADragon)

0:00:00.053001 | INFO | ecs_add | 626 | 

  ---- ADDING COMPONENTS TO ENTITY ----

0:00:00.053001 | DEBUG | ecs_add | 629 |  - Entity(id=25, name=JohnathonTheDragon) + Components('EcsIsADragon',)

0:00:00.053001 | DEBUG | __move_entity | 518 | moving entity archetype: Entity(id=25, name=JohnathonTheDragon) with Components('EcsIsADragon',) on is_add

0:00:00.053001 | INFO | traverse_archetype_cache | 983 | Traversed archetype_cache getting destination_archetype: Archetype(type=('EcsEntity', 'EcsIsADragon'))
0:00:00.053001 | INFO | __pop_entity_from | 606 | popped entity from archetype: EntityData(<Stack(size=0, top=None)>: [])
0:00:00.053001 | INFO | __move_entity | 558 | moved entity from source to destination archetype: Entity(id=25, name=JohnathonTheDragon) from Source(type=('EcsEntity',)) to Destination(type=('EcsEntity', 'EcsIsADragon'))
0:00:00.053001 | INFO | ecs_add | 632 | 

  ---- ADDED COMPONENTS TO ENTITY ----

0:00:00.053001 | DEBUG | pair | 346 | returning existing pair: (pair=38654705672, name=EcsOnInstantiateEcsDontInherit)

0:00:00.053001 | DEBUG | pair | 346 | returning existing pair: (pair=55834574862, name=EcsIsAEcsWildcard)

0:00:00.053001 | DEBUG | execute | 117 | archetype failed predicate.
0:00:00.053001 | DEBUG | pair | 346 | returning existing pair: (pair=38654705672, name=EcsOnInstantiateEcsDontInherit)

0:00:00.053001 | DEBUG | pair | 346 | returning existing pair: (pair=55834574862, name=EcsIsAEcsWildcard)

0:00:00.053001 | DEBUG | execute | 117 | archetype failed predicate.
0:00:00.053001 | DEBUG | pair | 346 | returning existing pair: (pair=38654705672, name=EcsOnInstantiateEcsDontInherit)

0:00:00.053001 | DEBUG | pair | 346 | returning existing pair: (pair=55834574862, name=EcsIsAEcsWildcard)

0:00:00.053001 | DEBUG | execute | 117 | archetype failed predicate.
0:00:00.054001 | DEBUG | pair | 346 | returning existing pair: (pair=38654705672, name=EcsOnInstantiateEcsDontInherit)

0:00:00.054001 | DEBUG | pair | 346 | returning existing pair: (pair=55834574862, name=EcsIsAEcsWildcard)

0:00:00.054001 | DEBUG | execute | 117 | archetype failed predicate.
0:00:00.054001 | DEBUG | pair | 346 | returning existing pair: (pair=38654705672, name=EcsOnInstantiateEcsDontInherit)

0:00:00.054001 | DEBUG | pair | 346 | returning existing pair: (pair=55834574862, name=EcsIsAEcsWildcard)

0:00:00.054001 | DEBUG | execute | 117 | archetype failed predicate.
0:00:00.054001 | DEBUG | execute | 122 | archetype succeded predicate.
0:00:00.054001 | DEBUG | pair | 346 | returning existing pair: (pair=38654705672, name=EcsOnInstantiateEcsDontInherit)

0:00:00.054001 | DEBUG | pair | 346 | returning existing pair: (pair=55834574862, name=EcsIsAEcsWildcard)

0:00:00.054001 | DEBUG | execute | 117 | archetype failed predicate.
0:00:00.055001 | INFO | component | 279 | registered component to world: (id=37, name=DummyRelationshipComponent)

0:00:00.055001 | INFO | ecs_add | 626 | 

  ---- ADDING COMPONENTS TO ENTITY ----

0:00:00.055001 | DEBUG | ecs_add | 629 |  - Entity(id=37, name=DummyRelationshipComponent) + Components('EcsRelationship',)

0:00:00.055001 | DEBUG | __move_entity | 518 | moving entity archetype: Entity(id=37, name=DummyRelationshipComponent) with Components('EcsRelationship',) on is_add

0:00:00.055001 | INFO | traverse_archetype_cache | 983 | Traversed archetype_cache getting destination_archetype: Archetype(type=('EcsComponent', 'EcsRelationship'))
0:00:00.055001 | INFO | __pop_entity_from | 606 | popped entity from archetype: EntityData(<Stack(size=1, top=ComponentRecord(type=type, archetype_map=ArchetypeMap(0 archetypes)))>: [ComponentRecord(type=type, archetype_map=ArchetypeMap(0 archetypes))])
0:00:00.055001 | INFO | __move_entity | 558 | moved entity from source to destination archetype: Entity(id=37, name=DummyRelationshipComponent) from Source(type=('EcsComponent',)) to Destination(type=('EcsComponent', 'EcsRelationship'))
0:00:00.055001 | INFO | ecs_add | 632 | 

  ---- ADDED COMPONENTS TO ENTITY ----

0:00:00.055001 | INFO | relationship | 323 | registered relationship to world: (id=37, name=<class 'types.DummyRelationshipComponent'>)

0:00:00.055001 | INFO | tag | 301 | registered tag to world: (id=38, name=DummyRelationshipTag)

0:00:00.055001 | INFO | ecs_add | 626 | 

  ---- ADDING COMPONENTS TO ENTITY ----

0:00:00.055001 | DEBUG | ecs_add | 629 |  - Entity(id=38, name=DummyRelationshipTag) + Components('EcsRelationship',)

0:00:00.055001 | DEBUG | __move_entity | 518 | moving entity archetype: Entity(id=38, name=DummyRelationshipTag) with Components('EcsRelationship',) on is_add

0:00:00.055001 | INFO | traverse_archetype_cache | 983 | Traversed archetype_cache getting destination_archetype: Archetype(type=('EcsComponent', 'EcsTag', 'EcsRelationship'))
0:00:00.055001 | INFO | __pop_entity_from | 606 | popped entity from archetype: EntityData(<Stack(size=1, top=ComponentRecord(type=type, archetype_map=ArchetypeMap(0 archetypes)))>: [ComponentRecord(type=type, archetype_map=ArchetypeMap(0 archetypes))])
0:00:00.056004 | INFO | __move_entity | 558 | moved entity from source to destination archetype: Entity(id=38, name=DummyRelationshipTag) from Source(type=('EcsComponent', 'EcsTag')) to Destination(type=('EcsComponent', 'EcsTag', 'EcsRelationship'))
0:00:00.056004 | INFO | ecs_add | 632 | 

  ---- ADDED COMPONENTS TO ENTITY ----

0:00:00.056004 | INFO | relationship | 323 | registered relationship to world: (id=38, name=DummyRelationshipTag)

0:00:00.056004 | ERROR | test_relationship_construction | 1616 | {'EcsComponent': 1, 'EcsTag': 2, 'EcsEntity': 3, 'EcsRelationship': 4, 'EcsPair': 5, 'EcsPairIsTag': 6, 'EcsFinal': 7, 'EcsOnInstantiate': 8, 'EcsDontInherit': 9, 'EcsExclusive': 10, 'EcsSymmetric': 11, 'EcsCanToggle': 12, 'EcsWildcard': 13, 'EcsIsA': 14, 'EcsChildOf': 15, 'EcsWith': 16, 'DummyComponent': 17, 'UnnamedEntity': 18, 'Dummy': 19, 'DummyShield': 20, 'DummyDefense': 21, 'EcsWithEcsWildcard': 55834574864, 'Sharpness': 22, 'Durability': 23, 'WeaponPresetOne': 24, 'WeaponPresetTwo': 25, 'DurableSword': 26, 'EcsIsAWeaponPresetOne': 103079215118, 'EcsIsAEcsWildcard': 55834574862, 'EcsWildcardWeaponPresetOne': 103079215117, 'EcsWildcardEcsWildcard': 55834574861, 'SharpSword': 27, 'EcsIsAWeaponPresetTwo': 107374182414, 'EcsWildcardWeaponPresetTwo': 107374182413, 'EcsOnInstantiateEcsDontInherit': 38654705672, 'DummyDragon': 28, 'DummyTag': 29, 'DummyComponentOne': 30, 'DummyComponentTwo': 31, 'DummyComponentThree': 32, 'DummyEntityTarget': 33, 'DummyComponentTarget': 34, 'DummyRelationshipComponent': 37, 'DummyRelationshipTag': 38, 'DummyRelationshipComponentDummyEntityTarget': 141733920803, 'DummyRelationshipTagDummyEntityTarget': 141733920804, 'DummyRelationshipComponentDummyComponentTarget': 146028888099, 'DummyRelationshipTagDummyComponentTarget': 146028888100, 'DummyRelationshipComponentEcsWildcard': 55834574883, 'EcsWildcardDummyEntityTarget': 141733920781, 'DummyRelationshipTagEcsWildcard': 55834574884, 'EcsWildcardDummyComponentTarget': 146028888077, 'EcsChildOfEcsWildcard': 55834574863, 'EcsWildcardDummyDefense': 90194313229}
0:00:00.056004 | INFO | tag | 301 | registered tag to world: (id=39, name=DummyTag)

0:00:00.056004 | INFO | entity | 255 | registered entity to world: (id=40, name=ParentA)

0:00:00.056004 | INFO | entity | 255 | registered entity to world: (id=41, name=ParentB)

0:00:00.056004 | INFO | entity | 255 | registered entity to world: (id=42, name=ParentC)

0:00:00.056004 | INFO | entity | 255 | registered entity to world: (id=43, name=child)

0:00:00.056004 | INFO | tag | 301 | registered tag to world: (id=171798691855, name=EcsChildOfParentA)

0:00:00.056004 | INFO | ecs_add | 626 | 

  ---- ADDING COMPONENTS TO ENTITY ----

0:00:00.056004 | DEBUG | ecs_add | 629 |  - Entity(id=171798691855, name=EcsChildOfParentA) + Components('EcsPair',)

0:00:00.056004 | DEBUG | __move_entity | 518 | moving entity archetype: Entity(id=171798691855, name=EcsChildOfParentA) with Components('EcsPair',) on is_add

0:00:00.056004 | INFO | traverse_archetype_cache | 983 | Traversed archetype_cache getting destination_archetype: Archetype(type=('EcsComponent', 'EcsTag', 'EcsPair'))
0:00:00.056004 | INFO | __pop_entity_from | 606 | popped entity from archetype: EntityData(<Stack(size=1, top=ComponentRecord(type=type, archetype_map=ArchetypeMap(0 archetypes)))>: [ComponentRecord(type=type, archetype_map=ArchetypeMap(0 archetypes))])
0:00:00.056004 | INFO | __move_entity | 558 | moved entity from source to destination archetype: Entity(id=171798691855, name=EcsChildOfParentA) from Source(type=('EcsComponent', 'EcsTag')) to Destination(type=('EcsComponent', 'EcsTag', 'EcsPair'))
0:00:00.056004 | INFO | ecs_add | 632 | 

  ---- ADDED COMPONENTS TO ENTITY ----

0:00:00.056004 | INFO | pair | 375 | registered pair to the world (id=171798691855, name=EcsChildOfParentA, type=None)

0:00:00.056004 | INFO | ecs_add | 626 | 

  ---- ADDING COMPONENTS TO ENTITY ----

0:00:00.056004 | DEBUG | ecs_add | 629 |  - Entity(id=43, name=child) + Components('EcsChildOfParentA',)

0:00:00.056004 | DEBUG | __move_entity | 518 | moving entity archetype: Entity(id=43, name=child) with Components('EcsChildOfParentA',) on is_add

0:00:00.056004 | DEBUG | traverse_archetype_cache | 966 | Constructed a new component cache for component: Component(id=171798691855, name=EcsChildOfParentA)
0:00:00.056004 | DEBUG | traverse_archetype_cache | 969 | Creating archetype cache for component: Component(id=171798691855, name=EcsChildOfParentA) with key add
0:00:00.056004 | INFO | __get_ecs_with_components_from | 839 | Getting all components connected through ecs_with trait from component EcsChildOfParentA
0:00:00.056004 | DEBUG | pair | 346 | returning existing pair: (pair=55834574864, name=EcsWithEcsWildcard)

0:00:00.056004 | DEBUG | pair | 346 | returning existing pair: (pair=55834574864, name=EcsWithEcsWildcard)

0:00:00.056004 | DEBUG | __get_ecs_with_components_from | 867 | returning components from get_ecs_with_components: ()
0:00:00.056004 | DEBUG | pair | 346 | returning existing pair: (pair=55834574863, name=EcsChildOfEcsWildcard)

0:00:00.056004 | DEBUG | __process_exclusive_component | 1143 | processed exclusive relationship component.
0:00:00.056004 | DEBUG | construct_destination_archetype_for_add_edge | 1087 | filtered source_components: [3]
0:00:00.056004 | INFO | construct_destination_archetype_for_add_edge | 1093 | Constructed destination components for add_edge: Components('EcsEntity', 'EcsChildOfParentA')
0:00:00.057003 | INFO | __register_archetype_to_component | 470 | registered archetype to component: Archetype(type=('EcsEntity', 'EcsChildOfParentA')) (component=3, component_name=EcsEntity) 
0:00:00.057003 | INFO | __register_archetype_to_component | 470 | registered archetype to component: Archetype(type=('EcsEntity', 'EcsChildOfParentA')) (component=171798691855, component_name=EcsChildOfParentA) 
0:00:00.057003 | DEBUG | pair | 346 | returning existing pair: (pair=55834574863, name=EcsChildOfEcsWildcard)

0:00:00.057003 | INFO | tag | 301 | registered tag to world: (id=171798691853, name=EcsWildcardParentA)

0:00:00.057003 | INFO | ecs_add | 627 | 

        ____ADDING WILDCARD____


0:00:00.057003 | DEBUG | ecs_add | 629 |  - Entity(id=171798691853, name=EcsWildcardParentA) + Components('EcsPair',)

0:00:00.057003 | DEBUG | __move_entity | 518 | moving entity archetype: Entity(id=171798691853, name=EcsWildcardParentA) with Components('EcsPair',) on is_add

0:00:00.057003 | INFO | traverse_archetype_cache | 983 | Traversed archetype_cache getting destination_archetype: Archetype(type=('EcsComponent', 'EcsTag', 'EcsPair'))
0:00:00.057003 | INFO | __pop_entity_from | 606 | popped entity from archetype: EntityData(<Stack(size=1, top=ComponentRecord(type=type, archetype_map=ArchetypeMap(0 archetypes)))>: [ComponentRecord(type=type, archetype_map=ArchetypeMap(0 archetypes))])
0:00:00.057003 | INFO | __move_entity | 558 | moved entity from source to destination archetype: Entity(id=171798691853, name=EcsWildcardParentA) from Source(type=('EcsComponent', 'EcsTag')) to Destination(type=('EcsComponent', 'EcsTag', 'EcsPair'))
0:00:00.057003 | INFO | ecs_add | 633 | 

        ____ADDED WILDCARD___

0:00:00.057003 | INFO | pair | 375 | registered pair to the world (id=171798691853, name=EcsWildcardParentA, type=None)

0:00:00.057003 | DEBUG | pair | 346 | returning existing pair: (pair=55834574861, name=EcsWildcardEcsWildcard)

0:00:00.057003 | INFO | __register_archetype_to_component | 499 | registered archetype to wildcard variants for component.
0:00:00.057003 | INFO | archetype | 407 | registered archetype to the world: (type=('EcsEntity', 'EcsChildOfParentA'))

0:00:00.057003 | DEBUG | archetype | 408 | 
                - ENTITIES:  ()
                - COLUMN_MAP: [-1, -1]
                - COLUMNS:    []

            
0:00:00.057003 | DEBUG | traverse_archetype_cache | 977 | Cached archetype_record in archetype_cache: Archetype(type=('EcsEntity', 'EcsChildOfParentA')) for Component(id=171798691855, name=EcsChildOfParentA) with key add
0:00:00.057003 | INFO | traverse_archetype_cache | 983 | Traversed archetype_cache getting destination_archetype: Archetype(type=('EcsEntity', 'EcsChildOfParentA'))
0:00:00.057003 | INFO | __pop_entity_from | 606 | popped entity from archetype: EntityData(<Stack(size=0, top=None)>: [])
0:00:00.057003 | INFO | __move_entity | 558 | moved entity from source to destination archetype: Entity(id=43, name=child) from Source(type=('EcsEntity',)) to Destination(type=('EcsEntity', 'EcsChildOfParentA'))
0:00:00.057003 | INFO | ecs_add | 632 | 

  ---- ADDED COMPONENTS TO ENTITY ----

0:00:00.057003 | INFO | tag | 301 | registered tag to world: (id=176093659151, name=EcsChildOfParentB)

0:00:00.057003 | INFO | ecs_add | 626 | 

  ---- ADDING COMPONENTS TO ENTITY ----

0:00:00.057003 | DEBUG | ecs_add | 629 |  - Entity(id=176093659151, name=EcsChildOfParentB) + Components('EcsPair',)

0:00:00.057003 | DEBUG | __move_entity | 518 | moving entity archetype: Entity(id=176093659151, name=EcsChildOfParentB) with Components('EcsPair',) on is_add

0:00:00.057003 | INFO | traverse_archetype_cache | 983 | Traversed archetype_cache getting destination_archetype: Archetype(type=('EcsComponent', 'EcsTag', 'EcsPair'))
0:00:00.057003 | INFO | __pop_entity_from | 606 | popped entity from archetype: EntityData(<Stack(size=1, top=ComponentRecord(type=type, archetype_map=ArchetypeMap(0 archetypes)))>: [ComponentRecord(type=type, archetype_map=ArchetypeMap(0 archetypes))])
0:00:00.057003 | INFO | __move_entity | 558 | moved entity from source to destination archetype: Entity(id=176093659151, name=EcsChildOfParentB) from Source(type=('EcsComponent', 'EcsTag')) to Destination(type=('EcsComponent', 'EcsTag', 'EcsPair'))
0:00:00.057003 | INFO | ecs_add | 632 | 

  ---- ADDED COMPONENTS TO ENTITY ----

0:00:00.057003 | INFO | pair | 375 | registered pair to the world (id=176093659151, name=EcsChildOfParentB, type=None)

0:00:00.057003 | INFO | ecs_add | 626 | 

  ---- ADDING COMPONENTS TO ENTITY ----

0:00:00.057003 | DEBUG | ecs_add | 629 |  - Entity(id=43, name=child) + Components('EcsChildOfParentB',)

0:00:00.057003 | DEBUG | __move_entity | 518 | moving entity archetype: Entity(id=43, name=child) with Components('EcsChildOfParentB',) on is_add

0:00:00.057003 | DEBUG | traverse_archetype_cache | 966 | Constructed a new component cache for component: Component(id=176093659151, name=EcsChildOfParentB)
0:00:00.057003 | DEBUG | traverse_archetype_cache | 969 | Creating archetype cache for component: Component(id=176093659151, name=EcsChildOfParentB) with key add
0:00:00.057003 | INFO | __get_ecs_with_components_from | 839 | Getting all components connected through ecs_with trait from component EcsChildOfParentB
0:00:00.057003 | DEBUG | pair | 346 | returning existing pair: (pair=55834574864, name=EcsWithEcsWildcard)

0:00:00.057003 | DEBUG | pair | 346 | returning existing pair: (pair=55834574864, name=EcsWithEcsWildcard)

0:00:00.057003 | DEBUG | __get_ecs_with_components_from | 867 | returning components from get_ecs_with_components: ()
0:00:00.057003 | DEBUG | pair | 346 | returning existing pair: (pair=55834574863, name=EcsChildOfEcsWildcard)

0:00:00.057003 | DEBUG | __process_exclusive_component | 1138 | Adding obselete exclusive relationship to filter: 1
0:00:00.057003 | DEBUG | __process_exclusive_component | 1143 | processed exclusive relationship component.
0:00:00.057003 | DEBUG | construct_destination_archetype_for_add_edge | 1087 | filtered source_components: [3]
0:00:00.058003 | INFO | construct_destination_archetype_for_add_edge | 1093 | Constructed destination components for add_edge: Components('EcsEntity', 'EcsChildOfParentB')
0:00:00.058003 | INFO | __register_archetype_to_component | 470 | registered archetype to component: Archetype(type=('EcsEntity', 'EcsChildOfParentB')) (component=3, component_name=EcsEntity) 
0:00:00.058003 | INFO | __register_archetype_to_component | 470 | registered archetype to component: Archetype(type=('EcsEntity', 'EcsChildOfParentB')) (component=176093659151, component_name=EcsChildOfParentB) 
0:00:00.058003 | DEBUG | pair | 346 | returning existing pair: (pair=55834574863, name=EcsChildOfEcsWildcard)

0:00:00.058003 | INFO | tag | 301 | registered tag to world: (id=176093659149, name=EcsWildcardParentB)

0:00:00.058003 | INFO | ecs_add | 627 | 

        ____ADDING WILDCARD____


0:00:00.058003 | DEBUG | ecs_add | 629 |  - Entity(id=176093659149, name=EcsWildcardParentB) + Components('EcsPair',)

0:00:00.058003 | DEBUG | __move_entity | 518 | moving entity archetype: Entity(id=176093659149, name=EcsWildcardParentB) with Components('EcsPair',) on is_add

0:00:00.058003 | INFO | traverse_archetype_cache | 983 | Traversed archetype_cache getting destination_archetype: Archetype(type=('EcsComponent', 'EcsTag', 'EcsPair'))
0:00:00.058003 | INFO | __pop_entity_from | 606 | popped entity from archetype: EntityData(<Stack(size=1, top=ComponentRecord(type=type, archetype_map=ArchetypeMap(0 archetypes)))>: [ComponentRecord(type=type, archetype_map=ArchetypeMap(0 archetypes))])
0:00:00.058003 | INFO | __move_entity | 558 | moved entity from source to destination archetype: Entity(id=176093659149, name=EcsWildcardParentB) from Source(type=('EcsComponent', 'EcsTag')) to Destination(type=('EcsComponent', 'EcsTag', 'EcsPair'))
0:00:00.058003 | INFO | ecs_add | 633 | 

        ____ADDED WILDCARD___

0:00:00.058003 | INFO | pair | 375 | registered pair to the world (id=176093659149, name=EcsWildcardParentB, type=None)

0:00:00.058003 | DEBUG | pair | 346 | returning existing pair: (pair=55834574861, name=EcsWildcardEcsWildcard)

0:00:00.058003 | INFO | __register_archetype_to_component | 499 | registered archetype to wildcard variants for component.
0:00:00.058003 | INFO | archetype | 407 | registered archetype to the world: (type=('EcsEntity', 'EcsChildOfParentB'))

0:00:00.058003 | DEBUG | archetype | 408 | 
                - ENTITIES:  ()
                - COLUMN_MAP: [-1, -1]
                - COLUMNS:    []

            
0:00:00.058003 | DEBUG | traverse_archetype_cache | 977 | Cached archetype_record in archetype_cache: Archetype(type=('EcsEntity', 'EcsChildOfParentB')) for Component(id=176093659151, name=EcsChildOfParentB) with key add
0:00:00.058003 | INFO | traverse_archetype_cache | 983 | Traversed archetype_cache getting destination_archetype: Archetype(type=('EcsEntity', 'EcsChildOfParentB'))
0:00:00.058003 | INFO | __pop_entity_from | 606 | popped entity from archetype: EntityData(<Stack(size=0, top=None)>: [])
0:00:00.058003 | INFO | __move_entity | 558 | moved entity from source to destination archetype: Entity(id=43, name=child) from Source(type=('EcsEntity', 'EcsChildOfParentA')) to Destination(type=('EcsEntity', 'EcsChildOfParentB'))
0:00:00.058003 | INFO | ecs_add | 632 | 

  ---- ADDED COMPONENTS TO ENTITY ----

0:00:00.058003 | DEBUG | pair | 346 | returning existing pair: (pair=171798691855, name=EcsChildOfParentA)

0:00:00.058003 | INFO | tag | 301 | registered tag to world: (id=180388626447, name=EcsChildOfParentC)

0:00:00.058003 | INFO | ecs_add | 626 | 

  ---- ADDING COMPONENTS TO ENTITY ----

0:00:00.058003 | DEBUG | ecs_add | 629 |  - Entity(id=180388626447, name=EcsChildOfParentC) + Components('EcsPair',)

0:00:00.058003 | DEBUG | __move_entity | 518 | moving entity archetype: Entity(id=180388626447, name=EcsChildOfParentC) with Components('EcsPair',) on is_add

0:00:00.058003 | INFO | traverse_archetype_cache | 983 | Traversed archetype_cache getting destination_archetype: Archetype(type=('EcsComponent', 'EcsTag', 'EcsPair'))
0:00:00.058003 | INFO | __pop_entity_from | 606 | popped entity from archetype: EntityData(<Stack(size=1, top=ComponentRecord(type=type, archetype_map=ArchetypeMap(0 archetypes)))>: [ComponentRecord(type=type, archetype_map=ArchetypeMap(0 archetypes))])
0:00:00.058003 | INFO | __move_entity | 558 | moved entity from source to destination archetype: Entity(id=180388626447, name=EcsChildOfParentC) from Source(type=('EcsComponent', 'EcsTag')) to Destination(type=('EcsComponent', 'EcsTag', 'EcsPair'))
0:00:00.058003 | INFO | ecs_add | 632 | 

  ---- ADDED COMPONENTS TO ENTITY ----

0:00:00.058003 | INFO | pair | 375 | registered pair to the world (id=180388626447, name=EcsChildOfParentC, type=None)

0:00:00.058003 | INFO | ecs_add | 626 | 

  ---- ADDING COMPONENTS TO ENTITY ----

0:00:00.058003 | DEBUG | ecs_add | 629 |  - Entity(id=43, name=child) + Components('EcsChildOfParentA', 'EcsChildOfParentC')

0:00:00.058003 | DEBUG | __move_entity | 518 | moving entity archetype: Entity(id=43, name=child) with Components('EcsChildOfParentA', 'EcsChildOfParentC') on is_add

0:00:00.058003 | DEBUG | traverse_archetype_cache | 966 | Constructed a new component cache for component: Component(id=171798691855, name=EcsChildOfParentA)
0:00:00.058003 | DEBUG | traverse_archetype_cache | 969 | Creating archetype cache for component: Component(id=171798691855, name=EcsChildOfParentA) with key add
0:00:00.058003 | INFO | __get_ecs_with_components_from | 839 | Getting all components connected through ecs_with trait from component EcsChildOfParentA
0:00:00.058003 | DEBUG | pair | 346 | returning existing pair: (pair=55834574864, name=EcsWithEcsWildcard)

0:00:00.058003 | DEBUG | pair | 346 | returning existing pair: (pair=55834574864, name=EcsWithEcsWildcard)

0:00:00.058003 | DEBUG | __get_ecs_with_components_from | 867 | returning components from get_ecs_with_components: ()
0:00:00.058003 | DEBUG | pair | 346 | returning existing pair: (pair=55834574863, name=EcsChildOfEcsWildcard)

0:00:00.059003 | DEBUG | __process_exclusive_component | 1138 | Adding obselete exclusive relationship to filter: 1
0:00:00.059003 | DEBUG | __process_exclusive_component | 1143 | processed exclusive relationship component.
0:00:00.059003 | DEBUG | construct_destination_archetype_for_add_edge | 1087 | filtered source_components: [3]
0:00:00.059003 | INFO | construct_destination_archetype_for_add_edge | 1093 | Constructed destination components for add_edge: Components('EcsEntity', 'EcsChildOfParentA')
0:00:00.059003 | INFO | archetype | 415 | retrieved archetype from world: (type=('EcsEntity', 'EcsChildOfParentA'))
0:00:00.059003 | DEBUG | traverse_archetype_cache | 977 | Cached archetype_record in archetype_cache: Archetype(type=('EcsEntity', 'EcsChildOfParentA')) for Component(id=171798691855, name=EcsChildOfParentA) with key add
0:00:00.059003 | DEBUG | traverse_archetype_cache | 966 | Constructed a new component cache for component: Component(id=180388626447, name=EcsChildOfParentC)
0:00:00.059003 | DEBUG | traverse_archetype_cache | 969 | Creating archetype cache for component: Component(id=180388626447, name=EcsChildOfParentC) with key add
0:00:00.059003 | INFO | __get_ecs_with_components_from | 839 | Getting all components connected through ecs_with trait from component EcsChildOfParentC
0:00:00.059003 | DEBUG | pair | 346 | returning existing pair: (pair=55834574864, name=EcsWithEcsWildcard)

0:00:00.059003 | DEBUG | pair | 346 | returning existing pair: (pair=55834574864, name=EcsWithEcsWildcard)

0:00:00.059003 | DEBUG | __get_ecs_with_components_from | 867 | returning components from get_ecs_with_components: ()
0:00:00.059003 | DEBUG | pair | 346 | returning existing pair: (pair=55834574863, name=EcsChildOfEcsWildcard)

0:00:00.059003 | DEBUG | __process_exclusive_component | 1138 | Adding obselete exclusive relationship to filter: 1
0:00:00.059003 | DEBUG | __process_exclusive_component | 1143 | processed exclusive relationship component.
0:00:00.059003 | DEBUG | construct_destination_archetype_for_add_edge | 1087 | filtered source_components: [3]
0:00:00.059003 | INFO | construct_destination_archetype_for_add_edge | 1093 | Constructed destination components for add_edge: Components('EcsEntity', 'EcsChildOfParentC')
0:00:00.059003 | INFO | __register_archetype_to_component | 470 | registered archetype to component: Archetype(type=('EcsEntity', 'EcsChildOfParentC')) (component=3, component_name=EcsEntity) 
0:00:00.059003 | INFO | __register_archetype_to_component | 470 | registered archetype to component: Archetype(type=('EcsEntity', 'EcsChildOfParentC')) (component=180388626447, component_name=EcsChildOfParentC) 
0:00:00.059003 | DEBUG | pair | 346 | returning existing pair: (pair=55834574863, name=EcsChildOfEcsWildcard)

0:00:00.059003 | INFO | tag | 301 | registered tag to world: (id=180388626445, name=EcsWildcardParentC)

0:00:00.059003 | INFO | ecs_add | 627 | 

        ____ADDING WILDCARD____


0:00:00.059003 | DEBUG | ecs_add | 629 |  - Entity(id=180388626445, name=EcsWildcardParentC) + Components('EcsPair',)

0:00:00.059003 | DEBUG | __move_entity | 518 | moving entity archetype: Entity(id=180388626445, name=EcsWildcardParentC) with Components('EcsPair',) on is_add

0:00:00.059003 | INFO | traverse_archetype_cache | 983 | Traversed archetype_cache getting destination_archetype: Archetype(type=('EcsComponent', 'EcsTag', 'EcsPair'))
0:00:00.059003 | INFO | __pop_entity_from | 606 | popped entity from archetype: EntityData(<Stack(size=1, top=ComponentRecord(type=type, archetype_map=ArchetypeMap(0 archetypes)))>: [ComponentRecord(type=type, archetype_map=ArchetypeMap(0 archetypes))])
0:00:00.059003 | INFO | __move_entity | 558 | moved entity from source to destination archetype: Entity(id=180388626445, name=EcsWildcardParentC) from Source(type=('EcsComponent', 'EcsTag')) to Destination(type=('EcsComponent', 'EcsTag', 'EcsPair'))
0:00:00.059003 | INFO | ecs_add | 633 | 

        ____ADDED WILDCARD___

0:00:00.059003 | INFO | pair | 375 | registered pair to the world (id=180388626445, name=EcsWildcardParentC, type=None)

0:00:00.059003 | DEBUG | pair | 346 | returning existing pair: (pair=55834574861, name=EcsWildcardEcsWildcard)

0:00:00.059003 | INFO | __register_archetype_to_component | 499 | registered archetype to wildcard variants for component.
0:00:00.059003 | INFO | archetype | 407 | registered archetype to the world: (type=('EcsEntity', 'EcsChildOfParentC'))

0:00:00.059003 | DEBUG | archetype | 408 | 
                - ENTITIES:  ()
                - COLUMN_MAP: [-1, -1]
                - COLUMNS:    []

            
0:00:00.059003 | DEBUG | traverse_archetype_cache | 977 | Cached archetype_record in archetype_cache: Archetype(type=('EcsEntity', 'EcsChildOfParentC')) for Component(id=180388626447, name=EcsChildOfParentC) with key add
0:00:00.059003 | INFO | traverse_archetype_cache | 983 | Traversed archetype_cache getting destination_archetype: Archetype(type=('EcsEntity', 'EcsChildOfParentC'))
0:00:00.059003 | INFO | __pop_entity_from | 606 | popped entity from archetype: EntityData(<Stack(size=0, top=None)>: [])
0:00:00.059003 | INFO | __move_entity | 558 | moved entity from source to destination archetype: Entity(id=43, name=child) from Source(type=('EcsEntity', 'EcsChildOfParentB')) to Destination(type=('EcsEntity', 'EcsChildOfParentC'))
0:00:00.059003 | INFO | ecs_add | 632 | 

  ---- ADDED COMPONENTS TO ENTITY ----

0:00:00.059003 | INFO | entity | 255 | registered entity to world: (id=44, name=Monster)

0:00:00.059003 | INFO | entity | 255 | registered entity to world: (id=45, name=Dragon)

0:00:00.060002 | INFO | entity | 255 | registered entity to world: (id=46, name=Snake)

0:00:00.060002 | INFO | entity | 255 | registered entity to world: (id=47, name=Paul)

0:00:00.060002 | INFO | tag | 301 | registered tag to world: (id=188978561038, name=EcsIsAMonster)

0:00:00.060002 | INFO | ecs_add | 626 | 

  ---- ADDING COMPONENTS TO ENTITY ----

0:00:00.060002 | DEBUG | ecs_add | 629 |  - Entity(id=188978561038, name=EcsIsAMonster) + Components('EcsPair',)

0:00:00.060002 | DEBUG | __move_entity | 518 | moving entity archetype: Entity(id=188978561038, name=EcsIsAMonster) with Components('EcsPair',) on is_add

0:00:00.060002 | INFO | traverse_archetype_cache | 983 | Traversed archetype_cache getting destination_archetype: Archetype(type=('EcsComponent', 'EcsTag', 'EcsPair'))
0:00:00.060002 | INFO | __pop_entity_from | 606 | popped entity from archetype: EntityData(<Stack(size=1, top=ComponentRecord(type=type, archetype_map=ArchetypeMap(0 archetypes)))>: [ComponentRecord(type=type, archetype_map=ArchetypeMap(0 archetypes))])
0:00:00.060002 | INFO | __move_entity | 558 | moved entity from source to destination archetype: Entity(id=188978561038, name=EcsIsAMonster) from Source(type=('EcsComponent', 'EcsTag')) to Destination(type=('EcsComponent', 'EcsTag', 'EcsPair'))
0:00:00.060002 | INFO | ecs_add | 632 | 

  ---- ADDED COMPONENTS TO ENTITY ----

0:00:00.060002 | INFO | pair | 375 | registered pair to the world (id=188978561038, name=EcsIsAMonster, type=None)

0:00:00.060002 | INFO | ecs_add | 626 | 

  ---- ADDING COMPONENTS TO ENTITY ----

0:00:00.060002 | DEBUG | ecs_add | 629 |  - Entity(id=47, name=Paul) + Components('EcsIsAMonster',)

0:00:00.060002 | DEBUG | __move_entity | 518 | moving entity archetype: Entity(id=47, name=Paul) with Components('EcsIsAMonster',) on is_add

0:00:00.060002 | DEBUG | traverse_archetype_cache | 966 | Constructed a new component cache for component: Component(id=188978561038, name=EcsIsAMonster)
0:00:00.060002 | DEBUG | traverse_archetype_cache | 969 | Creating archetype cache for component: Component(id=188978561038, name=EcsIsAMonster) with key add
0:00:00.060002 | INFO | __get_ecs_with_components_from | 839 | Getting all components connected through ecs_with trait from component EcsIsAMonster
0:00:00.060002 | DEBUG | pair | 346 | returning existing pair: (pair=55834574864, name=EcsWithEcsWildcard)

0:00:00.060002 | DEBUG | pair | 346 | returning existing pair: (pair=55834574864, name=EcsWithEcsWildcard)

0:00:00.060002 | DEBUG | __get_ecs_with_components_from | 867 | returning components from get_ecs_with_components: ()
0:00:00.060002 | DEBUG | construct_destination_archetype_for_add_edge | 1087 | filtered source_components: [3]
0:00:00.060002 | INFO | construct_destination_archetype_for_add_edge | 1093 | Constructed destination components for add_edge: Components('EcsEntity', 'EcsIsAMonster')
0:00:00.060002 | INFO | __register_archetype_to_component | 470 | registered archetype to component: Archetype(type=('EcsEntity', 'EcsIsAMonster')) (component=3, component_name=EcsEntity) 
0:00:00.060002 | INFO | __register_archetype_to_component | 470 | registered archetype to component: Archetype(type=('EcsEntity', 'EcsIsAMonster')) (component=188978561038, component_name=EcsIsAMonster) 
0:00:00.060002 | DEBUG | pair | 346 | returning existing pair: (pair=55834574862, name=EcsIsAEcsWildcard)

0:00:00.060002 | INFO | tag | 301 | registered tag to world: (id=188978561037, name=EcsWildcardMonster)

0:00:00.060002 | INFO | ecs_add | 627 | 

        ____ADDING WILDCARD____


0:00:00.060002 | DEBUG | ecs_add | 629 |  - Entity(id=188978561037, name=EcsWildcardMonster) + Components('EcsPair',)

0:00:00.060002 | DEBUG | __move_entity | 518 | moving entity archetype: Entity(id=188978561037, name=EcsWildcardMonster) with Components('EcsPair',) on is_add

0:00:00.060002 | INFO | traverse_archetype_cache | 983 | Traversed archetype_cache getting destination_archetype: Archetype(type=('EcsComponent', 'EcsTag', 'EcsPair'))
0:00:00.060002 | INFO | __pop_entity_from | 606 | popped entity from archetype: EntityData(<Stack(size=1, top=ComponentRecord(type=type, archetype_map=ArchetypeMap(0 archetypes)))>: [ComponentRecord(type=type, archetype_map=ArchetypeMap(0 archetypes))])
0:00:00.060002 | INFO | __move_entity | 558 | moved entity from source to destination archetype: Entity(id=188978561037, name=EcsWildcardMonster) from Source(type=('EcsComponent', 'EcsTag')) to Destination(type=('EcsComponent', 'EcsTag', 'EcsPair'))
0:00:00.061002 | INFO | ecs_add | 633 | 

        ____ADDED WILDCARD___

0:00:00.061002 | INFO | pair | 375 | registered pair to the world (id=188978561037, name=EcsWildcardMonster, type=None)

0:00:00.061002 | DEBUG | pair | 346 | returning existing pair: (pair=55834574861, name=EcsWildcardEcsWildcard)

0:00:00.061002 | INFO | __register_archetype_to_component | 499 | registered archetype to wildcard variants for component.
0:00:00.061002 | INFO | archetype | 407 | registered archetype to the world: (type=('EcsEntity', 'EcsIsAMonster'))

0:00:00.061002 | DEBUG | archetype | 408 | 
                - ENTITIES:  ()
                - COLUMN_MAP: [-1, -1]
                - COLUMNS:    []

            
0:00:00.061002 | DEBUG | traverse_archetype_cache | 977 | Cached archetype_record in archetype_cache: Archetype(type=('EcsEntity', 'EcsIsAMonster')) for Component(id=188978561038, name=EcsIsAMonster) with key add
0:00:00.061002 | INFO | traverse_archetype_cache | 983 | Traversed archetype_cache getting destination_archetype: Archetype(type=('EcsEntity', 'EcsIsAMonster'))
0:00:00.061002 | INFO | __pop_entity_from | 606 | popped entity from archetype: EntityData(<Stack(size=0, top=None)>: [])
0:00:00.061002 | INFO | __move_entity | 558 | moved entity from source to destination archetype: Entity(id=47, name=Paul) from Source(type=('EcsEntity',)) to Destination(type=('EcsEntity', 'EcsIsAMonster'))
0:00:00.061002 | INFO | ecs_add | 632 | 

  ---- ADDED COMPONENTS TO ENTITY ----

0:00:00.061002 | INFO | tag | 301 | registered tag to world: (id=193273528334, name=EcsIsADragon)

0:00:00.061002 | INFO | ecs_add | 626 | 

  ---- ADDING COMPONENTS TO ENTITY ----

0:00:00.061002 | DEBUG | ecs_add | 629 |  - Entity(id=193273528334, name=EcsIsADragon) + Components('EcsPair',)

0:00:00.061002 | DEBUG | __move_entity | 518 | moving entity archetype: Entity(id=193273528334, name=EcsIsADragon) with Components('EcsPair',) on is_add

0:00:00.061002 | INFO | traverse_archetype_cache | 983 | Traversed archetype_cache getting destination_archetype: Archetype(type=('EcsComponent', 'EcsTag', 'EcsPair'))
0:00:00.061002 | INFO | __pop_entity_from | 606 | popped entity from archetype: EntityData(<Stack(size=1, top=ComponentRecord(type=type, archetype_map=ArchetypeMap(0 archetypes)))>: [ComponentRecord(type=type, archetype_map=ArchetypeMap(0 archetypes))])
0:00:00.061002 | INFO | __move_entity | 558 | moved entity from source to destination archetype: Entity(id=193273528334, name=EcsIsADragon) from Source(type=('EcsComponent', 'EcsTag')) to Destination(type=('EcsComponent', 'EcsTag', 'EcsPair'))
0:00:00.061002 | INFO | ecs_add | 632 | 

  ---- ADDED COMPONENTS TO ENTITY ----

0:00:00.061002 | INFO | pair | 375 | registered pair to the world (id=193273528334, name=EcsIsADragon, type=None)

0:00:00.061002 | INFO | ecs_add | 626 | 

  ---- ADDING COMPONENTS TO ENTITY ----

0:00:00.061002 | DEBUG | ecs_add | 629 |  - Entity(id=47, name=Paul) + Components('EcsIsADragon',)

0:00:00.061002 | DEBUG | __move_entity | 518 | moving entity archetype: Entity(id=47, name=Paul) with Components('EcsIsADragon',) on is_add

0:00:00.061002 | DEBUG | traverse_archetype_cache | 966 | Constructed a new component cache for component: Component(id=193273528334, name=EcsIsADragon)
0:00:00.061002 | DEBUG | traverse_archetype_cache | 969 | Creating archetype cache for component: Component(id=193273528334, name=EcsIsADragon) with key add
0:00:00.061002 | INFO | __get_ecs_with_components_from | 839 | Getting all components connected through ecs_with trait from component EcsIsADragon
0:00:00.061002 | DEBUG | pair | 346 | returning existing pair: (pair=55834574864, name=EcsWithEcsWildcard)

0:00:00.061002 | DEBUG | pair | 346 | returning existing pair: (pair=55834574864, name=EcsWithEcsWildcard)

0:00:00.061002 | DEBUG | __get_ecs_with_components_from | 867 | returning components from get_ecs_with_components: ()
0:00:00.061002 | DEBUG | construct_destination_archetype_for_add_edge | 1087 | filtered source_components: [3, 188978561038]
0:00:00.061002 | INFO | construct_destination_archetype_for_add_edge | 1093 | Constructed destination components for add_edge: Components('EcsEntity', 'EcsIsAMonster', 'EcsIsADragon')
0:00:00.061002 | INFO | __register_archetype_to_component | 470 | registered archetype to component: Archetype(type=('EcsEntity', 'EcsIsAMonster', 'EcsIsADragon')) (component=3, component_name=EcsEntity) 
0:00:00.061002 | INFO | __register_archetype_to_component | 470 | registered archetype to component: Archetype(type=('EcsEntity', 'EcsIsAMonster', 'EcsIsADragon')) (component=188978561038, component_name=EcsIsAMonster) 
0:00:00.061002 | DEBUG | pair | 346 | returning existing pair: (pair=55834574862, name=EcsIsAEcsWildcard)

0:00:00.061002 | DEBUG | pair | 346 | returning existing pair: (pair=188978561037, name=EcsWildcardMonster)

0:00:00.061002 | DEBUG | pair | 346 | returning existing pair: (pair=55834574861, name=EcsWildcardEcsWildcard)

0:00:00.061002 | INFO | __register_archetype_to_component | 499 | registered archetype to wildcard variants for component.
0:00:00.061002 | INFO | __register_archetype_to_component | 470 | registered archetype to component: Archetype(type=('EcsEntity', 'EcsIsAMonster', 'EcsIsADragon')) (component=193273528334, component_name=EcsIsADragon) 
0:00:00.061002 | DEBUG | pair | 346 | returning existing pair: (pair=55834574862, name=EcsIsAEcsWildcard)

0:00:00.061002 | INFO | tag | 301 | registered tag to world: (id=193273528333, name=EcsWildcardDragon)

0:00:00.061002 | INFO | ecs_add | 627 | 

        ____ADDING WILDCARD____


0:00:00.061002 | DEBUG | ecs_add | 629 |  - Entity(id=193273528333, name=EcsWildcardDragon) + Components('EcsPair',)

0:00:00.061002 | DEBUG | __move_entity | 518 | moving entity archetype: Entity(id=193273528333, name=EcsWildcardDragon) with Components('EcsPair',) on is_add

0:00:00.061002 | INFO | traverse_archetype_cache | 983 | Traversed archetype_cache getting destination_archetype: Archetype(type=('EcsComponent', 'EcsTag', 'EcsPair'))
0:00:00.061002 | INFO | __pop_entity_from | 606 | popped entity from archetype: EntityData(<Stack(size=1, top=ComponentRecord(type=type, archetype_map=ArchetypeMap(0 archetypes)))>: [ComponentRecord(type=type, archetype_map=ArchetypeMap(0 archetypes))])
0:00:00.062002 | INFO | __move_entity | 558 | moved entity from source to destination archetype: Entity(id=193273528333, name=EcsWildcardDragon) from Source(type=('EcsComponent', 'EcsTag')) to Destination(type=('EcsComponent', 'EcsTag', 'EcsPair'))
0:00:00.062002 | INFO | ecs_add | 633 | 

        ____ADDED WILDCARD___

0:00:00.062002 | INFO | pair | 375 | registered pair to the world (id=193273528333, name=EcsWildcardDragon, type=None)

0:00:00.062002 | DEBUG | pair | 346 | returning existing pair: (pair=55834574861, name=EcsWildcardEcsWildcard)

0:00:00.062002 | INFO | __register_archetype_to_component | 499 | registered archetype to wildcard variants for component.
0:00:00.062002 | INFO | archetype | 407 | registered archetype to the world: (type=('EcsEntity', 'EcsIsAMonster', 'EcsIsADragon'))

0:00:00.062002 | DEBUG | archetype | 408 | 
                - ENTITIES:  ()
                - COLUMN_MAP: [-1, -1, -1]
                - COLUMNS:    []

            
0:00:00.062002 | DEBUG | traverse_archetype_cache | 977 | Cached archetype_record in archetype_cache: Archetype(type=('EcsEntity', 'EcsIsAMonster', 'EcsIsADragon')) for Component(id=193273528334, name=EcsIsADragon) with key add
0:00:00.062002 | INFO | traverse_archetype_cache | 983 | Traversed archetype_cache getting destination_archetype: Archetype(type=('EcsEntity', 'EcsIsAMonster', 'EcsIsADragon'))
0:00:00.062002 | INFO | __pop_entity_from | 606 | popped entity from archetype: EntityData(<Stack(size=0, top=None)>: [])
0:00:00.062002 | INFO | __move_entity | 558 | moved entity from source to destination archetype: Entity(id=47, name=Paul) from Source(type=('EcsEntity', 'EcsIsAMonster')) to Destination(type=('EcsEntity', 'EcsIsAMonster', 'EcsIsADragon'))
0:00:00.062002 | INFO | ecs_add | 632 | 

  ---- ADDED COMPONENTS TO ENTITY ----

0:00:00.062002 | INFO | ecs_add | 626 | 

  ---- ADDING COMPONENTS TO ENTITY ----

0:00:00.062002 | DEBUG | ecs_add | 629 |  - Entity(id=47, name=Paul) + Components('EcsFinal',)

0:00:00.062002 | DEBUG | __move_entity | 518 | moving entity archetype: Entity(id=47, name=Paul) with Components('EcsFinal',) on is_add

0:00:00.062002 | DEBUG | traverse_archetype_cache | 966 | Constructed a new component cache for component: Component(id=7, name=EcsFinal)
0:00:00.062002 | DEBUG | traverse_archetype_cache | 969 | Creating archetype cache for component: Component(id=7, name=EcsFinal) with key add
0:00:00.062002 | INFO | __get_ecs_with_components_from | 839 | Getting all components connected through ecs_with trait from component EcsFinal
0:00:00.062002 | DEBUG | pair | 346 | returning existing pair: (pair=55834574864, name=EcsWithEcsWildcard)

0:00:00.062002 | DEBUG | __get_ecs_with_components_from | 867 | returning components from get_ecs_with_components: ()
0:00:00.062002 | DEBUG | construct_destination_archetype_for_add_edge | 1087 | filtered source_components: [3, 188978561038, 193273528334]
0:00:00.062002 | INFO | construct_destination_archetype_for_add_edge | 1093 | Constructed destination components for add_edge: Components('EcsEntity', 'EcsIsAMonster', 'EcsIsADragon', 'EcsFinal')
0:00:00.062002 | INFO | __register_archetype_to_component | 470 | registered archetype to component: Archetype(type=('EcsEntity', 'EcsFinal', 'EcsIsAMonster', 'EcsIsADragon')) (component=3, component_name=EcsEntity) 
0:00:00.062002 | INFO | __register_archetype_to_component | 470 | registered archetype to component: Archetype(type=('EcsEntity', 'EcsFinal', 'EcsIsAMonster', 'EcsIsADragon')) (component=7, component_name=EcsFinal) 
0:00:00.062002 | INFO | __register_archetype_to_component | 470 | registered archetype to component: Archetype(type=('EcsEntity', 'EcsFinal', 'EcsIsAMonster', 'EcsIsADragon')) (component=188978561038, component_name=EcsIsAMonster) 
0:00:00.062002 | DEBUG | pair | 346 | returning existing pair: (pair=55834574862, name=EcsIsAEcsWildcard)

0:00:00.062002 | DEBUG | pair | 346 | returning existing pair: (pair=188978561037, name=EcsWildcardMonster)

0:00:00.062002 | DEBUG | pair | 346 | returning existing pair: (pair=55834574861, name=EcsWildcardEcsWildcard)

0:00:00.062002 | INFO | __register_archetype_to_component | 499 | registered archetype to wildcard variants for component.
0:00:00.062002 | INFO | __register_archetype_to_component | 470 | registered archetype to component: Archetype(type=('EcsEntity', 'EcsFinal', 'EcsIsAMonster', 'EcsIsADragon')) (component=193273528334, component_name=EcsIsADragon) 
0:00:00.062002 | DEBUG | pair | 346 | returning existing pair: (pair=55834574862, name=EcsIsAEcsWildcard)

0:00:00.062002 | DEBUG | pair | 346 | returning existing pair: (pair=193273528333, name=EcsWildcardDragon)

0:00:00.062002 | DEBUG | pair | 346 | returning existing pair: (pair=55834574861, name=EcsWildcardEcsWildcard)

0:00:00.062002 | INFO | __register_archetype_to_component | 499 | registered archetype to wildcard variants for component.
0:00:00.062002 | INFO | archetype | 407 | registered archetype to the world: (type=('EcsEntity', 'EcsFinal', 'EcsIsAMonster', 'EcsIsADragon'))

0:00:00.062002 | DEBUG | archetype | 408 | 
                - ENTITIES:  ()
                - COLUMN_MAP: [-1, -1, -1, -1]
                - COLUMNS:    []

            
0:00:00.062002 | DEBUG | traverse_archetype_cache | 977 | Cached archetype_record in archetype_cache: Archetype(type=('EcsEntity', 'EcsFinal', 'EcsIsAMonster', 'EcsIsADragon')) for Component(id=7, name=EcsFinal) with key add
0:00:00.062002 | INFO | traverse_archetype_cache | 983 | Traversed archetype_cache getting destination_archetype: Archetype(type=('EcsEntity', 'EcsFinal', 'EcsIsAMonster', 'EcsIsADragon'))
0:00:00.062002 | INFO | __pop_entity_from | 606 | popped entity from archetype: EntityData(<Stack(size=0, top=None)>: [])
0:00:00.062002 | INFO | __move_entity | 558 | moved entity from source to destination archetype: Entity(id=47, name=Paul) from Source(type=('EcsEntity', 'EcsIsAMonster', 'EcsIsADragon')) to Destination(type=('EcsEntity', 'EcsFinal', 'EcsIsAMonster', 'EcsIsADragon'))
0:00:00.062002 | INFO | ecs_add | 632 | 

  ---- ADDED COMPONENTS TO ENTITY ----

0:00:00.062002 | INFO | tag | 301 | registered tag to world: (id=197568495630, name=EcsIsASnake)

0:00:00.062002 | INFO | ecs_add | 626 | 

  ---- ADDING COMPONENTS TO ENTITY ----

0:00:00.062002 | DEBUG | ecs_add | 629 |  - Entity(id=197568495630, name=EcsIsASnake) + Components('EcsPair',)

0:00:00.062002 | DEBUG | __move_entity | 518 | moving entity archetype: Entity(id=197568495630, name=EcsIsASnake) with Components('EcsPair',) on is_add

0:00:00.062002 | INFO | traverse_archetype_cache | 983 | Traversed archetype_cache getting destination_archetype: Archetype(type=('EcsComponent', 'EcsTag', 'EcsPair'))
0:00:00.063002 | INFO | __pop_entity_from | 606 | popped entity from archetype: EntityData(<Stack(size=1, top=ComponentRecord(type=type, archetype_map=ArchetypeMap(0 archetypes)))>: [ComponentRecord(type=type, archetype_map=ArchetypeMap(0 archetypes))])
0:00:00.063002 | INFO | __move_entity | 558 | moved entity from source to destination archetype: Entity(id=197568495630, name=EcsIsASnake) from Source(type=('EcsComponent', 'EcsTag')) to Destination(type=('EcsComponent', 'EcsTag', 'EcsPair'))
0:00:00.063002 | INFO | ecs_add | 632 | 

  ---- ADDED COMPONENTS TO ENTITY ----

0:00:00.063002 | INFO | pair | 375 | registered pair to the world (id=197568495630, name=EcsIsASnake, type=None)

0:00:00.063002 | INFO | ecs_add | 626 | 

  ---- ADDING COMPONENTS TO ENTITY ----

0:00:00.063002 | DEBUG | ecs_add | 629 |  - Entity(id=47, name=Paul) + Components('EcsIsASnake',)

0:00:00.063002 | DEBUG | __move_entity | 518 | moving entity archetype: Entity(id=47, name=Paul) with Components('EcsIsASnake',) on is_add

0:00:00.063002 | DEBUG | traverse_archetype_cache | 966 | Constructed a new component cache for component: Component(id=197568495630, name=EcsIsASnake)
0:00:00.063002 | DEBUG | traverse_archetype_cache | 969 | Creating archetype cache for component: Component(id=197568495630, name=EcsIsASnake) with key add
0:00:00.063002 | WARNING | construct_destination_archetype_for_add_edge | 1027 | Cannot add IsA pair to source_archetype as archetype has trait EcsFinal.
0:00:00.063002 | INFO | archetype | 415 | retrieved archetype from world: (type=('EcsEntity', 'EcsFinal', 'EcsIsAMonster', 'EcsIsADragon'))
0:00:00.063002 | DEBUG | traverse_archetype_cache | 977 | Cached archetype_record in archetype_cache: Archetype(type=('EcsEntity', 'EcsFinal', 'EcsIsAMonster', 'EcsIsADragon')) for Component(id=197568495630, name=EcsIsASnake) with key add
0:00:00.063002 | INFO | traverse_archetype_cache | 983 | Traversed archetype_cache getting destination_archetype: Archetype(type=('EcsEntity', 'EcsFinal', 'EcsIsAMonster', 'EcsIsADragon'))
0:00:00.063002 | INFO | __pop_entity_from | 606 | popped entity from archetype: EntityData(<Stack(size=0, top=None)>: [])
0:00:00.063002 | INFO | __move_entity | 558 | moved entity from source to destination archetype: Entity(id=47, name=Paul) from Source(type=('EcsEntity', 'EcsFinal', 'EcsIsAMonster', 'EcsIsADragon')) to Destination(type=('EcsEntity', 'EcsFinal', 'EcsIsAMonster', 'EcsIsADragon'))
0:00:00.063002 | INFO | ecs_add | 632 | 

  ---- ADDED COMPONENTS TO ENTITY ----

0:00:00.063002 | INFO | component | 279 | registered component to world: (id=48, name=Orange)

0:00:00.063002 | INFO | tag | 301 | registered tag to world: (id=49, name=Eats)

0:00:00.063002 | INFO | ecs_add | 626 | 

  ---- ADDING COMPONENTS TO ENTITY ----

0:00:00.063002 | DEBUG | ecs_add | 629 |  - Entity(id=49, name=Eats) + Components('EcsRelationship',)

0:00:00.063002 | DEBUG | __move_entity | 518 | moving entity archetype: Entity(id=49, name=Eats) with Components('EcsRelationship',) on is_add

0:00:00.064003 | INFO | traverse_archetype_cache | 983 | Traversed archetype_cache getting destination_archetype: Archetype(type=('EcsComponent', 'EcsTag', 'EcsRelationship'))
0:00:00.064003 | INFO | __pop_entity_from | 606 | popped entity from archetype: EntityData(<Stack(size=1, top=ComponentRecord(type=type, archetype_map=ArchetypeMap(0 archetypes)))>: [ComponentRecord(type=type, archetype_map=ArchetypeMap(0 archetypes))])
0:00:00.064003 | INFO | __move_entity | 558 | moved entity from source to destination archetype: Entity(id=49, name=Eats) from Source(type=('EcsComponent', 'EcsTag')) to Destination(type=('EcsComponent', 'EcsTag', 'EcsRelationship'))
0:00:00.064003 | INFO | ecs_add | 632 | 

  ---- ADDED COMPONENTS TO ENTITY ----

0:00:00.064003 | INFO | relationship | 323 | registered relationship to world: (id=49, name=Eats)

0:00:00.064003 | INFO | ecs_add | 626 | 

  ---- ADDING COMPONENTS TO ENTITY ----

0:00:00.064003 | DEBUG | ecs_add | 629 |  - Entity(id=49, name=Eats) + Components('EcsPairIsTag',)

0:00:00.064003 | DEBUG | __move_entity | 518 | moving entity archetype: Entity(id=49, name=Eats) with Components('EcsPairIsTag',) on is_add

0:00:00.064003 | DEBUG | traverse_archetype_cache | 966 | Constructed a new component cache for component: Component(id=6, name=EcsPairIsTag)
0:00:00.064003 | DEBUG | traverse_archetype_cache | 969 | Creating archetype cache for component: Component(id=6, name=EcsPairIsTag) with key add
0:00:00.064003 | INFO | __get_ecs_with_components_from | 839 | Getting all components connected through ecs_with trait from component EcsPairIsTag
0:00:00.064003 | DEBUG | pair | 346 | returning existing pair: (pair=55834574864, name=EcsWithEcsWildcard)

0:00:00.064003 | DEBUG | __get_ecs_with_components_from | 867 | returning components from get_ecs_with_components: ()
0:00:00.064003 | DEBUG | construct_destination_archetype_for_add_edge | 1087 | filtered source_components: [1, 2, 4]
0:00:00.064003 | INFO | construct_destination_archetype_for_add_edge | 1093 | Constructed destination components for add_edge: Components('EcsComponent', 'EcsTag', 'EcsRelationship', 'EcsPairIsTag')
0:00:00.064003 | INFO | __register_archetype_to_component | 470 | registered archetype to component: Archetype(type=('EcsComponent', 'EcsTag', 'EcsRelationship', 'EcsPairIsTag')) (component=1, component_name=EcsComponent) 
0:00:00.064003 | INFO | __register_archetype_to_component | 470 | registered archetype to component: Archetype(type=('EcsComponent', 'EcsTag', 'EcsRelationship', 'EcsPairIsTag')) (component=2, component_name=EcsTag) 
0:00:00.064003 | INFO | __register_archetype_to_component | 470 | registered archetype to component: Archetype(type=('EcsComponent', 'EcsTag', 'EcsRelationship', 'EcsPairIsTag')) (component=4, component_name=EcsRelationship) 
0:00:00.064003 | INFO | __register_archetype_to_component | 470 | registered archetype to component: Archetype(type=('EcsComponent', 'EcsTag', 'EcsRelationship', 'EcsPairIsTag')) (component=6, component_name=EcsPairIsTag) 
0:00:00.064003 | INFO | archetype | 407 | registered archetype to the world: (type=('EcsComponent', 'EcsTag', 'EcsRelationship', 'EcsPairIsTag'))

0:00:00.064003 | DEBUG | archetype | 408 | 
                - ENTITIES:  ()
                - COLUMN_MAP: [0, -1, -1, -1]
                - COLUMNS:    [[]]

            
0:00:00.064003 | DEBUG | traverse_archetype_cache | 977 | Cached archetype_record in archetype_cache: Archetype(type=('EcsComponent', 'EcsTag', 'EcsRelationship', 'EcsPairIsTag')) for Component(id=6, name=EcsPairIsTag) with key add
0:00:00.064003 | INFO | traverse_archetype_cache | 983 | Traversed archetype_cache getting destination_archetype: Archetype(type=('EcsComponent', 'EcsTag', 'EcsRelationship', 'EcsPairIsTag'))
0:00:00.064003 | INFO | __pop_entity_from | 606 | popped entity from archetype: EntityData(<Stack(size=1, top=ComponentRecord(type=type, archetype_map=ArchetypeMap(0 archetypes)))>: [ComponentRecord(type=type, archetype_map=ArchetypeMap(0 archetypes))])
0:00:00.064003 | INFO | __move_entity | 558 | moved entity from source to destination archetype: Entity(id=49, name=Eats) from Source(type=('EcsComponent', 'EcsTag', 'EcsRelationship')) to Destination(type=('EcsComponent', 'EcsTag', 'EcsRelationship', 'EcsPairIsTag'))
0:00:00.064003 | INFO | ecs_add | 632 | 

  ---- ADDED COMPONENTS TO ENTITY ----

0:00:00.064003 | INFO | tag | 301 | registered tag to world: (id=206158430257, name=EatsOrange)

0:00:00.064003 | INFO | ecs_add | 626 | 

  ---- ADDING COMPONENTS TO ENTITY ----

0:00:00.064003 | DEBUG | ecs_add | 629 |  - Entity(id=206158430257, name=EatsOrange) + Components('EcsPair',)

0:00:00.064003 | DEBUG | __move_entity | 518 | moving entity archetype: Entity(id=206158430257, name=EatsOrange) with Components('EcsPair',) on is_add

0:00:00.064003 | INFO | traverse_archetype_cache | 983 | Traversed archetype_cache getting destination_archetype: Archetype(type=('EcsComponent', 'EcsTag', 'EcsPair'))
0:00:00.064003 | INFO | __pop_entity_from | 606 | popped entity from archetype: EntityData(<Stack(size=1, top=ComponentRecord(type=type, archetype_map=ArchetypeMap(0 archetypes)))>: [ComponentRecord(type=type, archetype_map=ArchetypeMap(0 archetypes))])
0:00:00.064003 | INFO | __move_entity | 558 | moved entity from source to destination archetype: Entity(id=206158430257, name=EatsOrange) from Source(type=('EcsComponent', 'EcsTag')) to Destination(type=('EcsComponent', 'EcsTag', 'EcsPair'))
0:00:00.064003 | INFO | ecs_add | 632 | 

  ---- ADDED COMPONENTS TO ENTITY ----

0:00:00.064003 | INFO | pair | 375 | registered pair to the world (id=206158430257, name=EatsOrange, type=None)

0:00:00.064003 | INFO | entity | 255 | registered entity to world: (id=50, name=PaulsBestFriend)

0:00:00.065002 | INFO | entity | 255 | registered entity to world: (id=51, name=PaulsGirlfriend)

0:00:00.065002 | INFO | tag | 301 | registered tag to world: (id=52, name=HoldingHands)

0:00:00.065002 | INFO | ecs_add | 626 | 

  ---- ADDING COMPONENTS TO ENTITY ----

0:00:00.065002 | DEBUG | ecs_add | 629 |  - Entity(id=52, name=HoldingHands) + Components('EcsRelationship',)

0:00:00.065002 | DEBUG | __move_entity | 518 | moving entity archetype: Entity(id=52, name=HoldingHands) with Components('EcsRelationship',) on is_add

0:00:00.065002 | INFO | traverse_archetype_cache | 983 | Traversed archetype_cache getting destination_archetype: Archetype(type=('EcsComponent', 'EcsTag', 'EcsRelationship'))
0:00:00.065002 | INFO | __pop_entity_from | 606 | popped entity from archetype: EntityData(<Stack(size=1, top=ComponentRecord(type=type, archetype_map=ArchetypeMap(0 archetypes)))>: [ComponentRecord(type=type, archetype_map=ArchetypeMap(0 archetypes))])
0:00:00.065002 | INFO | __move_entity | 558 | moved entity from source to destination archetype: Entity(id=52, name=HoldingHands) from Source(type=('EcsComponent', 'EcsTag')) to Destination(type=('EcsComponent', 'EcsTag', 'EcsRelationship'))
0:00:00.065002 | INFO | ecs_add | 632 | 

  ---- ADDED COMPONENTS TO ENTITY ----

0:00:00.065002 | INFO | relationship | 323 | registered relationship to world: (id=52, name=HoldingHands)

0:00:00.065002 | INFO | ecs_add | 626 | 

  ---- ADDING COMPONENTS TO ENTITY ----

0:00:00.065002 | DEBUG | ecs_add | 629 |  - Entity(id=52, name=HoldingHands) + Components('EcsSymmetric',)

0:00:00.065002 | DEBUG | __move_entity | 518 | moving entity archetype: Entity(id=52, name=HoldingHands) with Components('EcsSymmetric',) on is_add

0:00:00.065002 | DEBUG | traverse_archetype_cache | 966 | Constructed a new component cache for component: Component(id=11, name=EcsSymmetric)
0:00:00.065002 | DEBUG | traverse_archetype_cache | 969 | Creating archetype cache for component: Component(id=11, name=EcsSymmetric) with key add
0:00:00.065002 | INFO | __get_ecs_with_components_from | 839 | Getting all components connected through ecs_with trait from component EcsSymmetric
0:00:00.065002 | DEBUG | pair | 346 | returning existing pair: (pair=55834574864, name=EcsWithEcsWildcard)

0:00:00.065002 | DEBUG | __get_ecs_with_components_from | 867 | returning components from get_ecs_with_components: ()
0:00:00.065002 | DEBUG | construct_destination_archetype_for_add_edge | 1087 | filtered source_components: [1, 2, 4]
0:00:00.065002 | INFO | construct_destination_archetype_for_add_edge | 1093 | Constructed destination components for add_edge: Components('EcsComponent', 'EcsTag', 'EcsRelationship', 'EcsSymmetric')
0:00:00.065002 | INFO | __register_archetype_to_component | 470 | registered archetype to component: Archetype(type=('EcsComponent', 'EcsTag', 'EcsRelationship', 'EcsSymmetric')) (component=1, component_name=EcsComponent) 
0:00:00.065002 | INFO | __register_archetype_to_component | 470 | registered archetype to component: Archetype(type=('EcsComponent', 'EcsTag', 'EcsRelationship', 'EcsSymmetric')) (component=2, component_name=EcsTag) 
0:00:00.065002 | INFO | __register_archetype_to_component | 470 | registered archetype to component: Archetype(type=('EcsComponent', 'EcsTag', 'EcsRelationship', 'EcsSymmetric')) (component=4, component_name=EcsRelationship) 
0:00:00.065002 | INFO | __register_archetype_to_component | 470 | registered archetype to component: Archetype(type=('EcsComponent', 'EcsTag', 'EcsRelationship', 'EcsSymmetric')) (component=11, component_name=EcsSymmetric) 
0:00:00.065002 | INFO | archetype | 407 | registered archetype to the world: (type=('EcsComponent', 'EcsTag', 'EcsRelationship', 'EcsSymmetric'))

0:00:00.065002 | DEBUG | archetype | 408 | 
                - ENTITIES:  ()
                - COLUMN_MAP: [0, -1, -1, -1]
                - COLUMNS:    [[]]

            
0:00:00.065002 | DEBUG | traverse_archetype_cache | 977 | Cached archetype_record in archetype_cache: Archetype(type=('EcsComponent', 'EcsTag', 'EcsRelationship', 'EcsSymmetric')) for Component(id=11, name=EcsSymmetric) with key add
0:00:00.065002 | INFO | traverse_archetype_cache | 983 | Traversed archetype_cache getting destination_archetype: Archetype(type=('EcsComponent', 'EcsTag', 'EcsRelationship', 'EcsSymmetric'))
0:00:00.065002 | INFO | __pop_entity_from | 606 | popped entity from archetype: EntityData(<Stack(size=1, top=ComponentRecord(type=type, archetype_map=ArchetypeMap(0 archetypes)))>: [ComponentRecord(type=type, archetype_map=ArchetypeMap(0 archetypes))])
0:00:00.066003 | INFO | __move_entity | 558 | moved entity from source to destination archetype: Entity(id=52, name=HoldingHands) from Source(type=('EcsComponent', 'EcsTag', 'EcsRelationship')) to Destination(type=('EcsComponent', 'EcsTag', 'EcsRelationship', 'EcsSymmetric'))
0:00:00.066003 | INFO | ecs_add | 632 | 

  ---- ADDED COMPONENTS TO ENTITY ----

0:00:00.066003 | INFO | tag | 301 | registered tag to world: (id=219043332148, name=HoldingHandsPaulsGirlfriend)

0:00:00.066003 | INFO | ecs_add | 626 | 

  ---- ADDING COMPONENTS TO ENTITY ----

0:00:00.066003 | DEBUG | ecs_add | 629 |  - Entity(id=219043332148, name=HoldingHandsPaulsGirlfriend) + Components('EcsPair',)

0:00:00.066003 | DEBUG | __move_entity | 518 | moving entity archetype: Entity(id=219043332148, name=HoldingHandsPaulsGirlfriend) with Components('EcsPair',) on is_add

0:00:00.066003 | INFO | traverse_archetype_cache | 983 | Traversed archetype_cache getting destination_archetype: Archetype(type=('EcsComponent', 'EcsTag', 'EcsPair'))
0:00:00.066003 | INFO | __pop_entity_from | 606 | popped entity from archetype: EntityData(<Stack(size=1, top=ComponentRecord(type=type, archetype_map=ArchetypeMap(0 archetypes)))>: [ComponentRecord(type=type, archetype_map=ArchetypeMap(0 archetypes))])
0:00:00.066003 | INFO | __move_entity | 558 | moved entity from source to destination archetype: Entity(id=219043332148, name=HoldingHandsPaulsGirlfriend) from Source(type=('EcsComponent', 'EcsTag')) to Destination(type=('EcsComponent', 'EcsTag', 'EcsPair'))
0:00:00.066003 | INFO | ecs_add | 632 | 

  ---- ADDED COMPONENTS TO ENTITY ----

0:00:00.066003 | INFO | pair | 375 | registered pair to the world (id=219043332148, name=HoldingHandsPaulsGirlfriend, type=None)

0:00:00.066003 | INFO | ecs_add | 626 | 

  ---- ADDING COMPONENTS TO ENTITY ----

0:00:00.066003 | DEBUG | ecs_add | 629 |  - Entity(id=50, name=PaulsBestFriend) + Components('HoldingHandsPaulsGirlfriend',)

0:00:00.066003 | DEBUG | __move_entity | 518 | moving entity archetype: Entity(id=50, name=PaulsBestFriend) with Components('HoldingHandsPaulsGirlfriend',) on is_add

0:00:00.066003 | DEBUG | traverse_archetype_cache | 966 | Constructed a new component cache for component: Component(id=219043332148, name=HoldingHandsPaulsGirlfriend)
0:00:00.066003 | DEBUG | traverse_archetype_cache | 969 | Creating archetype cache for component: Component(id=219043332148, name=HoldingHandsPaulsGirlfriend) with key add
0:00:00.066003 | INFO | __get_ecs_with_components_from | 839 | Getting all components connected through ecs_with trait from component HoldingHandsPaulsGirlfriend
0:00:00.066003 | DEBUG | pair | 346 | returning existing pair: (pair=55834574864, name=EcsWithEcsWildcard)

0:00:00.066003 | DEBUG | pair | 346 | returning existing pair: (pair=55834574864, name=EcsWithEcsWildcard)

0:00:00.066003 | DEBUG | __get_ecs_with_components_from | 867 | returning components from get_ecs_with_components: ()
0:00:00.066003 | INFO | tag | 301 | registered tag to world: (id=214748364852, name=HoldingHandsPaulsBestFriend)

0:00:00.066003 | INFO | ecs_add | 626 | 

  ---- ADDING COMPONENTS TO ENTITY ----

0:00:00.066003 | DEBUG | ecs_add | 629 |  - Entity(id=214748364852, name=HoldingHandsPaulsBestFriend) + Components('EcsPair',)

0:00:00.066003 | DEBUG | __move_entity | 518 | moving entity archetype: Entity(id=214748364852, name=HoldingHandsPaulsBestFriend) with Components('EcsPair',) on is_add

0:00:00.066003 | INFO | traverse_archetype_cache | 983 | Traversed archetype_cache getting destination_archetype: Archetype(type=('EcsComponent', 'EcsTag', 'EcsPair'))
0:00:00.066003 | INFO | __pop_entity_from | 606 | popped entity from archetype: EntityData(<Stack(size=1, top=ComponentRecord(type=type, archetype_map=ArchetypeMap(0 archetypes)))>: [ComponentRecord(type=type, archetype_map=ArchetypeMap(0 archetypes))])
0:00:00.066003 | INFO | __move_entity | 558 | moved entity from source to destination archetype: Entity(id=214748364852, name=HoldingHandsPaulsBestFriend) from Source(type=('EcsComponent', 'EcsTag')) to Destination(type=('EcsComponent', 'EcsTag', 'EcsPair'))
0:00:00.066003 | INFO | ecs_add | 632 | 

  ---- ADDED COMPONENTS TO ENTITY ----

0:00:00.067003 | INFO | pair | 375 | registered pair to the world (id=214748364852, name=HoldingHandsPaulsBestFriend, type=None)

0:00:00.067003 | DEBUG | pair | 346 | returning existing pair: (pair=38654705672, name=EcsOnInstantiateEcsDontInherit)

0:00:00.067003 | DEBUG | pair | 346 | returning existing pair: (pair=55834574862, name=EcsIsAEcsWildcard)

0:00:00.067003 | DEBUG | construct_destination_archetype_for_add_edge | 1076 | Adding symmetric_pair to target entity: Pair(id=214748364852, name=HoldingHandsPaulsBestFriend)
0:00:00.067003 | DEBUG | construct_destination_archetype_for_add_edge | 1087 | filtered source_components: [3]
0:00:00.067003 | INFO | construct_destination_archetype_for_add_edge | 1093 | Constructed destination components for add_edge: Components('EcsEntity', 'HoldingHandsPaulsGirlfriend')
0:00:00.067003 | INFO | __register_archetype_to_component | 470 | registered archetype to component: Archetype(type=('EcsEntity', 'HoldingHandsPaulsGirlfriend')) (component=3, component_name=EcsEntity) 
0:00:00.067003 | INFO | __register_archetype_to_component | 470 | registered archetype to component: Archetype(type=('EcsEntity', 'HoldingHandsPaulsGirlfriend')) (component=219043332148, component_name=HoldingHandsPaulsGirlfriend) 
0:00:00.067003 | INFO | tag | 301 | registered tag to world: (id=55834574900, name=HoldingHandsEcsWildcard)

0:00:00.067003 | INFO | ecs_add | 627 | 

        ____ADDING WILDCARD____


0:00:00.067003 | DEBUG | ecs_add | 629 |  - Entity(id=55834574900, name=HoldingHandsEcsWildcard) + Components('EcsPair',)

0:00:00.067003 | DEBUG | __move_entity | 518 | moving entity archetype: Entity(id=55834574900, name=HoldingHandsEcsWildcard) with Components('EcsPair',) on is_add

0:00:00.067003 | INFO | traverse_archetype_cache | 983 | Traversed archetype_cache getting destination_archetype: Archetype(type=('EcsComponent', 'EcsTag', 'EcsPair'))
0:00:00.067003 | INFO | __pop_entity_from | 606 | popped entity from archetype: EntityData(<Stack(size=1, top=ComponentRecord(type=type, archetype_map=ArchetypeMap(0 archetypes)))>: [ComponentRecord(type=type, archetype_map=ArchetypeMap(0 archetypes))])
0:00:00.067003 | INFO | __move_entity | 558 | moved entity from source to destination archetype: Entity(id=55834574900, name=HoldingHandsEcsWildcard) from Source(type=('EcsComponent', 'EcsTag')) to Destination(type=('EcsComponent', 'EcsTag', 'EcsPair'))
0:00:00.067003 | INFO | ecs_add | 633 | 

        ____ADDED WILDCARD___

0:00:00.067003 | INFO | pair | 375 | registered pair to the world (id=55834574900, name=HoldingHandsEcsWildcard, type=None)

0:00:00.067003 | INFO | tag | 301 | registered tag to world: (id=219043332109, name=EcsWildcardPaulsGirlfriend)

0:00:00.067003 | INFO | ecs_add | 627 | 

        ____ADDING WILDCARD____


0:00:00.067003 | DEBUG | ecs_add | 629 |  - Entity(id=219043332109, name=EcsWildcardPaulsGirlfriend) + Components('EcsPair',)

0:00:00.067003 | DEBUG | __move_entity | 518 | moving entity archetype: Entity(id=219043332109, name=EcsWildcardPaulsGirlfriend) with Components('EcsPair',) on is_add

0:00:00.067003 | INFO | traverse_archetype_cache | 983 | Traversed archetype_cache getting destination_archetype: Archetype(type=('EcsComponent', 'EcsTag', 'EcsPair'))
0:00:00.067003 | INFO | __pop_entity_from | 606 | popped entity from archetype: EntityData(<Stack(size=1, top=ComponentRecord(type=type, archetype_map=ArchetypeMap(0 archetypes)))>: [ComponentRecord(type=type, archetype_map=ArchetypeMap(0 archetypes))])
0:00:00.067003 | INFO | __move_entity | 558 | moved entity from source to destination archetype: Entity(id=219043332109, name=EcsWildcardPaulsGirlfriend) from Source(type=('EcsComponent', 'EcsTag')) to Destination(type=('EcsComponent', 'EcsTag', 'EcsPair'))
0:00:00.067003 | INFO | ecs_add | 633 | 

        ____ADDED WILDCARD___

0:00:00.067003 | INFO | pair | 375 | registered pair to the world (id=219043332109, name=EcsWildcardPaulsGirlfriend, type=None)

0:00:00.067003 | DEBUG | pair | 346 | returning existing pair: (pair=55834574861, name=EcsWildcardEcsWildcard)

0:00:00.067003 | INFO | __register_archetype_to_component | 499 | registered archetype to wildcard variants for component.
0:00:00.067003 | INFO | archetype | 407 | registered archetype to the world: (type=('EcsEntity', 'HoldingHandsPaulsGirlfriend'))

0:00:00.067003 | DEBUG | archetype | 408 | 
                - ENTITIES:  ()
                - COLUMN_MAP: [-1, -1]
                - COLUMNS:    []

            
0:00:00.067003 | DEBUG | traverse_archetype_cache | 977 | Cached archetype_record in archetype_cache: Archetype(type=('EcsEntity', 'HoldingHandsPaulsGirlfriend')) for Component(id=219043332148, name=HoldingHandsPaulsGirlfriend) with key add
0:00:00.067003 | INFO | traverse_archetype_cache | 983 | Traversed archetype_cache getting destination_archetype: Archetype(type=('EcsEntity', 'HoldingHandsPaulsGirlfriend'))
0:00:00.067003 | INFO | __pop_entity_from | 606 | popped entity from archetype: EntityData(<Stack(size=0, top=None)>: [])
0:00:00.067003 | INFO | ecs_add | 626 | 

  ---- ADDING COMPONENTS TO ENTITY ----

0:00:00.067003 | DEBUG | ecs_add | 629 |  - Entity(id=51, name=PaulsGirlfriend) + Components('HoldingHandsPaulsBestFriend',)

0:00:00.067003 | DEBUG | __move_entity | 518 | moving entity archetype: Entity(id=51, name=PaulsGirlfriend) with Components('HoldingHandsPaulsBestFriend',) on is_add

0:00:00.067003 | DEBUG | traverse_archetype_cache | 966 | Constructed a new component cache for component: Component(id=214748364852, name=HoldingHandsPaulsBestFriend)
0:00:00.067003 | DEBUG | traverse_archetype_cache | 969 | Creating archetype cache for component: Component(id=214748364852, name=HoldingHandsPaulsBestFriend) with key add
0:00:00.067003 | INFO | __get_ecs_with_components_from | 839 | Getting all components connected through ecs_with trait from component HoldingHandsPaulsBestFriend
0:00:00.067003 | DEBUG | pair | 346 | returning existing pair: (pair=55834574864, name=EcsWithEcsWildcard)

0:00:00.068002 | DEBUG | pair | 346 | returning existing pair: (pair=55834574864, name=EcsWithEcsWildcard)

0:00:00.068002 | DEBUG | __get_ecs_with_components_from | 867 | returning components from get_ecs_with_components: ()
0:00:00.068002 | DEBUG | pair | 346 | returning existing pair: (pair=219043332148, name=HoldingHandsPaulsGirlfriend)

0:00:00.068002 | DEBUG | construct_destination_archetype_for_add_edge | 1087 | filtered source_components: [3]
0:00:00.068002 | INFO | construct_destination_archetype_for_add_edge | 1093 | Constructed destination components for add_edge: Components('EcsEntity', 'HoldingHandsPaulsBestFriend')
0:00:00.068002 | INFO | __register_archetype_to_component | 470 | registered archetype to component: Archetype(type=('EcsEntity', 'HoldingHandsPaulsBestFriend')) (component=3, component_name=EcsEntity) 
0:00:00.068002 | INFO | __register_archetype_to_component | 470 | registered archetype to component: Archetype(type=('EcsEntity', 'HoldingHandsPaulsBestFriend')) (component=214748364852, component_name=HoldingHandsPaulsBestFriend) 
0:00:00.068002 | DEBUG | pair | 346 | returning existing pair: (pair=55834574900, name=HoldingHandsEcsWildcard)

0:00:00.068002 | INFO | tag | 301 | registered tag to world: (id=214748364813, name=EcsWildcardPaulsBestFriend)

0:00:00.068002 | INFO | ecs_add | 627 | 

        ____ADDING WILDCARD____


0:00:00.068002 | DEBUG | ecs_add | 629 |  - Entity(id=214748364813, name=EcsWildcardPaulsBestFriend) + Components('EcsPair',)

0:00:00.068002 | DEBUG | __move_entity | 518 | moving entity archetype: Entity(id=214748364813, name=EcsWildcardPaulsBestFriend) with Components('EcsPair',) on is_add

0:00:00.068002 | INFO | traverse_archetype_cache | 983 | Traversed archetype_cache getting destination_archetype: Archetype(type=('EcsComponent', 'EcsTag', 'EcsPair'))
0:00:00.068002 | INFO | __pop_entity_from | 606 | popped entity from archetype: EntityData(<Stack(size=1, top=ComponentRecord(type=type, archetype_map=ArchetypeMap(0 archetypes)))>: [ComponentRecord(type=type, archetype_map=ArchetypeMap(0 archetypes))])
0:00:00.068002 | INFO | __move_entity | 558 | moved entity from source to destination archetype: Entity(id=214748364813, name=EcsWildcardPaulsBestFriend) from Source(type=('EcsComponent', 'EcsTag')) to Destination(type=('EcsComponent', 'EcsTag', 'EcsPair'))
0:00:00.068002 | INFO | ecs_add | 633 | 

        ____ADDED WILDCARD___

0:00:00.068002 | INFO | pair | 375 | registered pair to the world (id=214748364813, name=EcsWildcardPaulsBestFriend, type=None)

0:00:00.068002 | DEBUG | pair | 346 | returning existing pair: (pair=55834574861, name=EcsWildcardEcsWildcard)

0:00:00.068002 | INFO | __register_archetype_to_component | 499 | registered archetype to wildcard variants for component.
0:00:00.068002 | INFO | archetype | 407 | registered archetype to the world: (type=('EcsEntity', 'HoldingHandsPaulsBestFriend'))

0:00:00.068002 | DEBUG | archetype | 408 | 
                - ENTITIES:  ()
                - COLUMN_MAP: [-1, -1]
                - COLUMNS:    []

            
0:00:00.068002 | DEBUG | traverse_archetype_cache | 977 | Cached archetype_record in archetype_cache: Archetype(type=('EcsEntity', 'HoldingHandsPaulsBestFriend')) for Component(id=214748364852, name=HoldingHandsPaulsBestFriend) with key add
0:00:00.068002 | INFO | traverse_archetype_cache | 983 | Traversed archetype_cache getting destination_archetype: Archetype(type=('EcsEntity', 'HoldingHandsPaulsBestFriend'))
0:00:00.068002 | INFO | __pop_entity_from | 606 | popped entity from archetype: EntityData(<Stack(size=0, top=None)>: [])
0:00:00.068002 | INFO | __move_entity | 558 | moved entity from source to destination archetype: Entity(id=51, name=PaulsGirlfriend) from Source(type=('EcsEntity',)) to Destination(type=('EcsEntity', 'HoldingHandsPaulsBestFriend'))
0:00:00.068002 | INFO | ecs_add | 632 | 

  ---- ADDED COMPONENTS TO ENTITY ----

0:00:00.068002 | INFO | __move_entity | 558 | moved entity from source to destination archetype: Entity(id=50, name=PaulsBestFriend) from Source(type=('EcsEntity',)) to Destination(type=('EcsEntity', 'HoldingHandsPaulsGirlfriend'))
0:00:00.068002 | INFO | ecs_add | 632 | 

  ---- ADDED COMPONENTS TO ENTITY ----

0:00:00.068002 | DEBUG | pair | 346 | returning existing pair: (pair=214748364852, name=HoldingHandsPaulsBestFriend)

0:00:00.068002 | INFO | ecs_remove | 637 | 

---- REMOVING COMPONENTS FROM ENTITY ----

0:00:00.068002 | DEBUG | ecs_remove | 638 |  - Entity(id=51, name=PaulsGirlfriend) + Components('HoldingHandsPaulsBestFriend',)

0:00:00.068002 | DEBUG | __move_entity | 518 | moving entity archetype: Entity(id=51, name=PaulsGirlfriend) with Components('HoldingHandsPaulsBestFriend',) on is_remove

0:00:00.068002 | DEBUG | traverse_archetype_cache | 966 | Constructed a new component cache for component: Component(id=214748364852, name=HoldingHandsPaulsBestFriend)
0:00:00.068002 | DEBUG | traverse_archetype_cache | 969 | Creating archetype cache for component: Component(id=214748364852, name=HoldingHandsPaulsBestFriend) with key remove
0:00:00.068002 | DEBUG | pair | 346 | returning existing pair: (pair=219043332148, name=HoldingHandsPaulsGirlfriend)

0:00:00.068002 | DEBUG | construct_destination_archetype_for_remove_edge | 1006 | Removing symmetric_pair from target entity: Pair(id=219043332148, name=HoldingHandsPaulsGirlfriend)
0:00:00.068002 | INFO | archetype | 415 | retrieved archetype from world: (type=('EcsEntity',))
0:00:00.068002 | DEBUG | traverse_archetype_cache | 977 | Cached archetype_record in archetype_cache: Archetype(type=('EcsEntity',)) for Component(id=214748364852, name=HoldingHandsPaulsBestFriend) with key remove
0:00:00.068002 | INFO | traverse_archetype_cache | 983 | Traversed archetype_cache getting destination_archetype: Archetype(type=('EcsEntity',))
0:00:00.068002 | INFO | __pop_entity_from | 606 | popped entity from archetype: EntityData(<Stack(size=0, top=None)>: [])
0:00:00.068002 | INFO | ecs_remove | 637 | 

---- REMOVING COMPONENTS FROM ENTITY ----

0:00:00.068002 | DEBUG | ecs_remove | 638 |  - Entity(id=50, name=PaulsBestFriend) + Components('HoldingHandsPaulsGirlfriend',)

0:00:00.069004 | DEBUG | __move_entity | 518 | moving entity archetype: Entity(id=50, name=PaulsBestFriend) with Components('HoldingHandsPaulsGirlfriend',) on is_remove

0:00:00.069004 | DEBUG | traverse_archetype_cache | 966 | Constructed a new component cache for component: Component(id=219043332148, name=HoldingHandsPaulsGirlfriend)
0:00:00.069004 | DEBUG | traverse_archetype_cache | 969 | Creating archetype cache for component: Component(id=219043332148, name=HoldingHandsPaulsGirlfriend) with key remove
0:00:00.069004 | DEBUG | pair | 346 | returning existing pair: (pair=214748364852, name=HoldingHandsPaulsBestFriend)

0:00:00.069004 | DEBUG | pair | 346 | returning existing pair: (pair=38654705672, name=EcsOnInstantiateEcsDontInherit)

0:00:00.069004 | DEBUG | pair | 346 | returning existing pair: (pair=55834574862, name=EcsIsAEcsWildcard)

0:00:00.069004 | INFO | archetype | 415 | retrieved archetype from world: (type=('EcsEntity',))
0:00:00.069004 | DEBUG | traverse_archetype_cache | 977 | Cached archetype_record in archetype_cache: Archetype(type=('EcsEntity',)) for Component(id=219043332148, name=HoldingHandsPaulsGirlfriend) with key remove
0:00:00.069004 | INFO | traverse_archetype_cache | 983 | Traversed archetype_cache getting destination_archetype: Archetype(type=('EcsEntity',))
0:00:00.069004 | INFO | __pop_entity_from | 606 | popped entity from archetype: EntityData(<Stack(size=0, top=None)>: [])
0:00:00.069004 | INFO | __move_entity | 558 | moved entity from source to destination archetype: Entity(id=50, name=PaulsBestFriend) from Source(type=('EcsEntity', 'HoldingHandsPaulsGirlfriend')) to Destination(type=('EcsEntity',))
0:00:00.069004 | INFO | ecs_remove | 640 | 

---- REMOVED COMPONENTS FROM ENTITY ----

0:00:00.069004 | INFO | __move_entity | 558 | moved entity from source to destination archetype: Entity(id=51, name=PaulsGirlfriend) from Source(type=('EcsEntity', 'HoldingHandsPaulsBestFriend')) to Destination(type=('EcsEntity',))
0:00:00.069004 | INFO | ecs_remove | 640 | 

---- REMOVED COMPONENTS FROM ENTITY ----

0:00:00.070001 | INFO | component | 279 | registered component to world: (id=53, name=Position)

0:00:00.070001 | INFO | component | 279 | registered component to world: (id=54, name=Speed)

0:00:00.070001 | INFO | tag | 301 | registered tag to world: (id=55, name=Movement)

0:00:00.070001 | INFO | component | 279 | registered component to world: (id=227633266704, name=EcsWithPosition)

0:00:00.070001 | INFO | ecs_add | 626 | 

  ---- ADDING COMPONENTS TO ENTITY ----

0:00:00.070001 | DEBUG | ecs_add | 629 |  - Entity(id=227633266704, name=EcsWithPosition) + Components('EcsPair',)

0:00:00.071000 | DEBUG | __move_entity | 518 | moving entity archetype: Entity(id=227633266704, name=EcsWithPosition) with Components('EcsPair',) on is_add

0:00:00.071000 | INFO | traverse_archetype_cache | 983 | Traversed archetype_cache getting destination_archetype: Archetype(type=('EcsComponent', 'EcsPair'))
0:00:00.071000 | INFO | __pop_entity_from | 606 | popped entity from archetype: EntityData(<Stack(size=1, top=ComponentRecord(type=type, archetype_map=ArchetypeMap(0 archetypes)))>: [ComponentRecord(type=type, archetype_map=ArchetypeMap(0 archetypes))])
0:00:00.071000 | INFO | __move_entity | 558 | moved entity from source to destination archetype: Entity(id=227633266704, name=EcsWithPosition) from Source(type=('EcsComponent',)) to Destination(type=('EcsComponent', 'EcsPair'))
0:00:00.071000 | INFO | ecs_add | 632 | 

  ---- ADDED COMPONENTS TO ENTITY ----

0:00:00.071000 | INFO | pair | 375 | registered pair to the world (id=227633266704, name=EcsWithPosition, type=<class 'types.Position'>)

0:00:00.071000 | INFO | component | 279 | registered component to world: (id=231928234000, name=EcsWithSpeed)

0:00:00.071000 | INFO | ecs_add | 626 | 

  ---- ADDING COMPONENTS TO ENTITY ----

0:00:00.071000 | DEBUG | ecs_add | 629 |  - Entity(id=231928234000, name=EcsWithSpeed) + Components('EcsPair',)

0:00:00.071000 | DEBUG | __move_entity | 518 | moving entity archetype: Entity(id=231928234000, name=EcsWithSpeed) with Components('EcsPair',) on is_add

0:00:00.071000 | INFO | traverse_archetype_cache | 983 | Traversed archetype_cache getting destination_archetype: Archetype(type=('EcsComponent', 'EcsPair'))
0:00:00.071000 | INFO | __pop_entity_from | 606 | popped entity from archetype: EntityData(<Stack(size=1, top=ComponentRecord(type=type, archetype_map=ArchetypeMap(0 archetypes)))>: [ComponentRecord(type=type, archetype_map=ArchetypeMap(0 archetypes))])
0:00:00.071000 | INFO | __move_entity | 558 | moved entity from source to destination archetype: Entity(id=231928234000, name=EcsWithSpeed) from Source(type=('EcsComponent',)) to Destination(type=('EcsComponent', 'EcsPair'))
0:00:00.071000 | INFO | ecs_add | 632 | 

  ---- ADDED COMPONENTS TO ENTITY ----

0:00:00.071000 | INFO | pair | 375 | registered pair to the world (id=231928234000, name=EcsWithSpeed, type=<class 'types.Speed'>)

0:00:00.071000 | INFO | ecs_add | 626 | 

  ---- ADDING COMPONENTS TO ENTITY ----

0:00:00.071000 | DEBUG | ecs_add | 629 |  - Entity(id=55, name=Movement) + Components('EcsWithPosition', 'EcsWithSpeed')

0:00:00.071000 | DEBUG | __move_entity | 518 | moving entity archetype: Entity(id=55, name=Movement) with Components('EcsWithPosition', 'EcsWithSpeed') on is_add

0:00:00.071000 | DEBUG | traverse_archetype_cache | 966 | Constructed a new component cache for component: Component(id=227633266704, name=EcsWithPosition)
0:00:00.071000 | DEBUG | traverse_archetype_cache | 969 | Creating archetype cache for component: Component(id=227633266704, name=EcsWithPosition) with key add
0:00:00.071000 | INFO | __get_ecs_with_components_from | 839 | Getting all components connected through ecs_with trait from component EcsWithPosition
0:00:00.071000 | DEBUG | pair | 346 | returning existing pair: (pair=55834574864, name=EcsWithEcsWildcard)

0:00:00.071000 | DEBUG | pair | 346 | returning existing pair: (pair=55834574864, name=EcsWithEcsWildcard)

0:00:00.071000 | DEBUG | __get_ecs_with_components_from | 867 | returning components from get_ecs_with_components: ()
0:00:00.071000 | DEBUG | construct_destination_archetype_for_add_edge | 1087 | filtered source_components: [1, 2]
0:00:00.071000 | INFO | construct_destination_archetype_for_add_edge | 1093 | Constructed destination components for add_edge: Components('EcsComponent', 'EcsTag', 'EcsWithPosition')
0:00:00.071000 | INFO | __register_archetype_to_component | 470 | registered archetype to component: Archetype(type=('EcsComponent', 'EcsTag', 'EcsWithPosition')) (component=1, component_name=EcsComponent) 
0:00:00.071000 | INFO | __register_archetype_to_component | 470 | registered archetype to component: Archetype(type=('EcsComponent', 'EcsTag', 'EcsWithPosition')) (component=2, component_name=EcsTag) 
0:00:00.071000 | INFO | __register_archetype_to_component | 470 | registered archetype to component: Archetype(type=('EcsComponent', 'EcsTag', 'EcsWithPosition')) (component=227633266704, component_name=EcsWithPosition) 
0:00:00.071000 | DEBUG | pair | 346 | returning existing pair: (pair=55834574864, name=EcsWithEcsWildcard)

0:00:00.071000 | INFO | component | 279 | registered component to world: (id=227633266701, name=EcsWildcardPosition)

0:00:00.071000 | INFO | ecs_add | 627 | 

        ____ADDING WILDCARD____


0:00:00.071000 | DEBUG | ecs_add | 629 |  - Entity(id=227633266701, name=EcsWildcardPosition) + Components('EcsPair',)

0:00:00.071000 | DEBUG | __move_entity | 518 | moving entity archetype: Entity(id=227633266701, name=EcsWildcardPosition) with Components('EcsPair',) on is_add

0:00:00.071000 | INFO | traverse_archetype_cache | 983 | Traversed archetype_cache getting destination_archetype: Archetype(type=('EcsComponent', 'EcsPair'))
0:00:00.072000 | INFO | __pop_entity_from | 606 | popped entity from archetype: EntityData(<Stack(size=1, top=ComponentRecord(type=type, archetype_map=ArchetypeMap(0 archetypes)))>: [ComponentRecord(type=type, archetype_map=ArchetypeMap(0 archetypes))])
0:00:00.072000 | INFO | __move_entity | 558 | moved entity from source to destination archetype: Entity(id=227633266701, name=EcsWildcardPosition) from Source(type=('EcsComponent',)) to Destination(type=('EcsComponent', 'EcsPair'))
0:00:00.072000 | INFO | ecs_add | 633 | 

        ____ADDED WILDCARD___

0:00:00.072000 | INFO | pair | 375 | registered pair to the world (id=227633266701, name=EcsWildcardPosition, type=<class 'types.Position'>)

0:00:00.072000 | DEBUG | pair | 346 | returning existing pair: (pair=55834574861, name=EcsWildcardEcsWildcard)

0:00:00.072000 | INFO | __register_archetype_to_component | 499 | registered archetype to wildcard variants for component.
0:00:00.072000 | INFO | archetype | 407 | registered archetype to the world: (type=('EcsComponent', 'EcsTag', 'EcsWithPosition'))

0:00:00.072000 | DEBUG | archetype | 408 | 
                - ENTITIES:  ()
                - COLUMN_MAP: [0, -1, 1]
                - COLUMNS:    [[], []]

            
0:00:00.072000 | DEBUG | traverse_archetype_cache | 977 | Cached archetype_record in archetype_cache: Archetype(type=('EcsComponent', 'EcsTag', 'EcsWithPosition')) for Component(id=227633266704, name=EcsWithPosition) with key add
0:00:00.072000 | DEBUG | traverse_archetype_cache | 966 | Constructed a new component cache for component: Component(id=231928234000, name=EcsWithSpeed)
0:00:00.072000 | DEBUG | traverse_archetype_cache | 969 | Creating archetype cache for component: Component(id=231928234000, name=EcsWithSpeed) with key add
0:00:00.072000 | INFO | __get_ecs_with_components_from | 839 | Getting all components connected through ecs_with trait from component EcsWithSpeed
0:00:00.072000 | DEBUG | pair | 346 | returning existing pair: (pair=55834574864, name=EcsWithEcsWildcard)

0:00:00.072000 | DEBUG | pair | 346 | returning existing pair: (pair=55834574864, name=EcsWithEcsWildcard)

0:00:00.072000 | DEBUG | __get_ecs_with_components_from | 867 | returning components from get_ecs_with_components: ()
0:00:00.072000 | DEBUG | construct_destination_archetype_for_add_edge | 1087 | filtered source_components: [1, 2, 227633266704]
0:00:00.072000 | INFO | construct_destination_archetype_for_add_edge | 1093 | Constructed destination components for add_edge: Components('EcsComponent', 'EcsTag', 'EcsWithPosition', 'EcsWithSpeed')
0:00:00.072000 | INFO | __register_archetype_to_component | 470 | registered archetype to component: Archetype(type=('EcsComponent', 'EcsTag', 'EcsWithPosition', 'EcsWithSpeed')) (component=1, component_name=EcsComponent) 
0:00:00.072000 | INFO | __register_archetype_to_component | 470 | registered archetype to component: Archetype(type=('EcsComponent', 'EcsTag', 'EcsWithPosition', 'EcsWithSpeed')) (component=2, component_name=EcsTag) 
0:00:00.072000 | INFO | __register_archetype_to_component | 470 | registered archetype to component: Archetype(type=('EcsComponent', 'EcsTag', 'EcsWithPosition', 'EcsWithSpeed')) (component=227633266704, component_name=EcsWithPosition) 
0:00:00.072000 | DEBUG | pair | 346 | returning existing pair: (pair=55834574864, name=EcsWithEcsWildcard)

0:00:00.072000 | DEBUG | pair | 346 | returning existing pair: (pair=227633266701, name=EcsWildcardPosition)

0:00:00.072000 | DEBUG | pair | 346 | returning existing pair: (pair=55834574861, name=EcsWildcardEcsWildcard)

0:00:00.072000 | INFO | __register_archetype_to_component | 499 | registered archetype to wildcard variants for component.
0:00:00.072000 | INFO | __register_archetype_to_component | 470 | registered archetype to component: Archetype(type=('EcsComponent', 'EcsTag', 'EcsWithPosition', 'EcsWithSpeed')) (component=231928234000, component_name=EcsWithSpeed) 
0:00:00.072000 | DEBUG | pair | 346 | returning existing pair: (pair=55834574864, name=EcsWithEcsWildcard)

0:00:00.073000 | INFO | component | 279 | registered component to world: (id=231928233997, name=EcsWildcardSpeed)

0:00:00.073000 | INFO | ecs_add | 627 | 

        ____ADDING WILDCARD____


0:00:00.073000 | DEBUG | ecs_add | 629 |  - Entity(id=231928233997, name=EcsWildcardSpeed) + Components('EcsPair',)

0:00:00.073000 | DEBUG | __move_entity | 518 | moving entity archetype: Entity(id=231928233997, name=EcsWildcardSpeed) with Components('EcsPair',) on is_add

0:00:00.073000 | INFO | traverse_archetype_cache | 983 | Traversed archetype_cache getting destination_archetype: Archetype(type=('EcsComponent', 'EcsPair'))
0:00:00.073000 | INFO | __pop_entity_from | 606 | popped entity from archetype: EntityData(<Stack(size=1, top=ComponentRecord(type=type, archetype_map=ArchetypeMap(0 archetypes)))>: [ComponentRecord(type=type, archetype_map=ArchetypeMap(0 archetypes))])
0:00:00.073000 | INFO | __move_entity | 558 | moved entity from source to destination archetype: Entity(id=231928233997, name=EcsWildcardSpeed) from Source(type=('EcsComponent',)) to Destination(type=('EcsComponent', 'EcsPair'))
0:00:00.073000 | INFO | ecs_add | 633 | 

        ____ADDED WILDCARD___

0:00:00.073000 | INFO | pair | 375 | registered pair to the world (id=231928233997, name=EcsWildcardSpeed, type=<class 'types.Speed'>)

0:00:00.073000 | DEBUG | pair | 346 | returning existing pair: (pair=55834574861, name=EcsWildcardEcsWildcard)

0:00:00.073000 | INFO | __register_archetype_to_component | 499 | registered archetype to wildcard variants for component.
0:00:00.073000 | INFO | archetype | 407 | registered archetype to the world: (type=('EcsComponent', 'EcsTag', 'EcsWithPosition', 'EcsWithSpeed'))

0:00:00.073000 | DEBUG | archetype | 408 | 
                - ENTITIES:  ()
                - COLUMN_MAP: [0, -1, 1, 2]
                - COLUMNS:    [[], [], []]

            
0:00:00.073000 | DEBUG | traverse_archetype_cache | 977 | Cached archetype_record in archetype_cache: Archetype(type=('EcsComponent', 'EcsTag', 'EcsWithPosition', 'EcsWithSpeed')) for Component(id=231928234000, name=EcsWithSpeed) with key add
0:00:00.073000 | INFO | traverse_archetype_cache | 983 | Traversed archetype_cache getting destination_archetype: Archetype(type=('EcsComponent', 'EcsTag', 'EcsWithPosition', 'EcsWithSpeed'))
0:00:00.073000 | INFO | __pop_entity_from | 606 | popped entity from archetype: EntityData(<Stack(size=1, top=ComponentRecord(type=type, archetype_map=ArchetypeMap(0 archetypes)))>: [ComponentRecord(type=type, archetype_map=ArchetypeMap(0 archetypes))])
0:00:00.073000 | INFO | __move_entity | 558 | moved entity from source to destination archetype: Entity(id=55, name=Movement) from Source(type=('EcsComponent', 'EcsTag')) to Destination(type=('EcsComponent', 'EcsTag', 'EcsWithPosition', 'EcsWithSpeed'))
0:00:00.073000 | INFO | ecs_add | 632 | 

  ---- ADDED COMPONENTS TO ENTITY ----

0:00:00.073000 | INFO | entity | 255 | registered entity to world: (id=56, name=Player)

0:00:00.073000 | INFO | ecs_add | 626 | 

  ---- ADDING COMPONENTS TO ENTITY ----

0:00:00.073000 | DEBUG | ecs_add | 629 |  - Entity(id=56, name=Player) + Components('Movement',)

0:00:00.073000 | DEBUG | __move_entity | 518 | moving entity archetype: Entity(id=56, name=Player) with Components('Movement',) on is_add

0:00:00.073000 | DEBUG | traverse_archetype_cache | 966 | Constructed a new component cache for component: Component(id=55, name=Movement)
0:00:00.073000 | DEBUG | traverse_archetype_cache | 969 | Creating archetype cache for component: Component(id=55, name=Movement) with key add
0:00:00.073000 | INFO | __get_ecs_with_components_from | 839 | Getting all components connected through ecs_with trait from component Movement
0:00:00.073000 | DEBUG | pair | 346 | returning existing pair: (pair=55834574864, name=EcsWithEcsWildcard)

0:00:00.074003 | CRITICAL | __get_ecs_with_components_from | 862 | with_pairs = ('EcsWithPosition', 'EcsWithSpeed')
0:00:00.074003 | CRITICAL | __get_ecs_with_components_from | 873 | target: 53, name: Position
0:00:00.074003 | DEBUG | __get_ecs_with_components_from | 885 | Got component Position from ecs_with trait on Movement
0:00:00.074003 | DEBUG | pair | 346 | returning existing pair: (pair=55834574864, name=EcsWithEcsWildcard)

0:00:00.074003 | DEBUG | __get_ecs_with_components_from | 867 | returning components from get_ecs_with_components: ('Position',)
0:00:00.074003 | CRITICAL | __get_ecs_with_components_from | 873 | target: 54, name: Speed
0:00:00.074003 | DEBUG | __get_ecs_with_components_from | 885 | Got component Speed from ecs_with trait on Movement
0:00:00.074003 | DEBUG | pair | 346 | returning existing pair: (pair=55834574864, name=EcsWithEcsWildcard)

0:00:00.074003 | DEBUG | __get_ecs_with_components_from | 867 | returning components from get_ecs_with_components: ('Position', 'Speed')
0:00:00.074003 | DEBUG | construct_destination_archetype_for_add_edge | 1087 | filtered source_components: [3]
0:00:00.074003 | INFO | construct_destination_archetype_for_add_edge | 1093 | Constructed destination components for add_edge: Components('EcsEntity', 'Position', 'Speed', 'Movement')
0:00:00.074003 | INFO | __register_archetype_to_component | 470 | registered archetype to component: Archetype(type=('EcsEntity', 'Position', 'Speed', 'Movement')) (component=3, component_name=EcsEntity) 
0:00:00.074003 | INFO | __register_archetype_to_component | 470 | registered archetype to component: Archetype(type=('EcsEntity', 'Position', 'Speed', 'Movement')) (component=53, component_name=Position) 
0:00:00.074003 | INFO | __register_archetype_to_component | 470 | registered archetype to component: Archetype(type=('EcsEntity', 'Position', 'Speed', 'Movement')) (component=54, component_name=Speed) 
0:00:00.074003 | INFO | __register_archetype_to_component | 470 | registered archetype to component: Archetype(type=('EcsEntity', 'Position', 'Speed', 'Movement')) (component=55, component_name=Movement) 
0:00:00.074003 | INFO | archetype | 407 | registered archetype to the world: (type=('EcsEntity', 'Position', 'Speed', 'Movement'))

0:00:00.074003 | DEBUG | archetype | 408 | 
                - ENTITIES:  ()
                - COLUMN_MAP: [-1, 0, 1, -1]
                - COLUMNS:    [[], []]

            
0:00:00.074003 | DEBUG | traverse_archetype_cache | 977 | Cached archetype_record in archetype_cache: Archetype(type=('EcsEntity', 'Position', 'Speed', 'Movement')) for Component(id=55, name=Movement) with key add
0:00:00.074003 | INFO | traverse_archetype_cache | 983 | Traversed archetype_cache getting destination_archetype: Archetype(type=('EcsEntity', 'Position', 'Speed', 'Movement'))
0:00:00.074003 | INFO | __pop_entity_from | 606 | popped entity from archetype: EntityData(<Stack(size=0, top=None)>: [])
0:00:00.074003 | INFO | __move_entity | 558 | moved entity from source to destination archetype: Entity(id=56, name=Player) from Source(type=('EcsEntity',)) to Destination(type=('EcsEntity', 'Position', 'Speed', 'Movement'))
0:00:00.074003 | INFO | ecs_add | 632 | 

  ---- ADDED COMPONENTS TO ENTITY ----

0:00:00.074003 | INFO | tag | 301 | registered tag to world: (id=57, name=PlayerMovement)

0:00:00.074003 | INFO | tag | 301 | registered tag to world: (id=236223201296, name=EcsWithMovement)

0:00:00.074003 | INFO | ecs_add | 626 | 

  ---- ADDING COMPONENTS TO ENTITY ----

0:00:00.074003 | DEBUG | ecs_add | 629 |  - Entity(id=236223201296, name=EcsWithMovement) + Components('EcsPair',)

0:00:00.074003 | DEBUG | __move_entity | 518 | moving entity archetype: Entity(id=236223201296, name=EcsWithMovement) with Components('EcsPair',) on is_add

0:00:00.074003 | INFO | traverse_archetype_cache | 983 | Traversed archetype_cache getting destination_archetype: Archetype(type=('EcsComponent', 'EcsTag', 'EcsPair'))
0:00:00.074999 | INFO | __pop_entity_from | 606 | popped entity from archetype: EntityData(<Stack(size=1, top=ComponentRecord(type=type, archetype_map=ArchetypeMap(0 archetypes)))>: [ComponentRecord(type=type, archetype_map=ArchetypeMap(0 archetypes))])
0:00:00.074999 | INFO | __move_entity | 558 | moved entity from source to destination archetype: Entity(id=236223201296, name=EcsWithMovement) from Source(type=('EcsComponent', 'EcsTag')) to Destination(type=('EcsComponent', 'EcsTag', 'EcsPair'))
0:00:00.074999 | INFO | ecs_add | 632 | 

  ---- ADDED COMPONENTS TO ENTITY ----

0:00:00.074999 | INFO | pair | 375 | registered pair to the world (id=236223201296, name=EcsWithMovement, type=None)

0:00:00.074999 | INFO | ecs_add | 626 | 

  ---- ADDING COMPONENTS TO ENTITY ----

0:00:00.074999 | DEBUG | ecs_add | 629 |  - Entity(id=57, name=PlayerMovement) + Components('EcsWithMovement',)

0:00:00.074999 | DEBUG | __move_entity | 518 | moving entity archetype: Entity(id=57, name=PlayerMovement) with Components('EcsWithMovement',) on is_add

0:00:00.074999 | DEBUG | traverse_archetype_cache | 966 | Constructed a new component cache for component: Component(id=236223201296, name=EcsWithMovement)
0:00:00.074999 | DEBUG | traverse_archetype_cache | 969 | Creating archetype cache for component: Component(id=236223201296, name=EcsWithMovement) with key add
0:00:00.074999 | INFO | __get_ecs_with_components_from | 839 | Getting all components connected through ecs_with trait from component EcsWithMovement
0:00:00.074999 | DEBUG | pair | 346 | returning existing pair: (pair=55834574864, name=EcsWithEcsWildcard)

0:00:00.074999 | DEBUG | pair | 346 | returning existing pair: (pair=55834574864, name=EcsWithEcsWildcard)

0:00:00.074999 | DEBUG | __get_ecs_with_components_from | 867 | returning components from get_ecs_with_components: ()
0:00:00.074999 | DEBUG | construct_destination_archetype_for_add_edge | 1087 | filtered source_components: [1, 2]
0:00:00.074999 | INFO | construct_destination_archetype_for_add_edge | 1093 | Constructed destination components for add_edge: Components('EcsComponent', 'EcsTag', 'EcsWithMovement')
0:00:00.074999 | INFO | __register_archetype_to_component | 470 | registered archetype to component: Archetype(type=('EcsComponent', 'EcsTag', 'EcsWithMovement')) (component=1, component_name=EcsComponent) 
0:00:00.074999 | INFO | __register_archetype_to_component | 470 | registered archetype to component: Archetype(type=('EcsComponent', 'EcsTag', 'EcsWithMovement')) (component=2, component_name=EcsTag) 
0:00:00.074999 | INFO | __register_archetype_to_component | 470 | registered archetype to component: Archetype(type=('EcsComponent', 'EcsTag', 'EcsWithMovement')) (component=236223201296, component_name=EcsWithMovement) 
0:00:00.074999 | DEBUG | pair | 346 | returning existing pair: (pair=55834574864, name=EcsWithEcsWildcard)

0:00:00.074999 | INFO | tag | 301 | registered tag to world: (id=236223201293, name=EcsWildcardMovement)

0:00:00.074999 | INFO | ecs_add | 627 | 

        ____ADDING WILDCARD____


0:00:00.074999 | DEBUG | ecs_add | 629 |  - Entity(id=236223201293, name=EcsWildcardMovement) + Components('EcsPair',)

0:00:00.074999 | DEBUG | __move_entity | 518 | moving entity archetype: Entity(id=236223201293, name=EcsWildcardMovement) with Components('EcsPair',) on is_add

0:00:00.074999 | INFO | traverse_archetype_cache | 983 | Traversed archetype_cache getting destination_archetype: Archetype(type=('EcsComponent', 'EcsTag', 'EcsPair'))
0:00:00.074999 | INFO | __pop_entity_from | 606 | popped entity from archetype: EntityData(<Stack(size=1, top=ComponentRecord(type=type, archetype_map=ArchetypeMap(0 archetypes)))>: [ComponentRecord(type=type, archetype_map=ArchetypeMap(0 archetypes))])
0:00:00.074999 | INFO | __move_entity | 558 | moved entity from source to destination archetype: Entity(id=236223201293, name=EcsWildcardMovement) from Source(type=('EcsComponent', 'EcsTag')) to Destination(type=('EcsComponent', 'EcsTag', 'EcsPair'))
0:00:00.074999 | INFO | ecs_add | 633 | 

        ____ADDED WILDCARD___

0:00:00.074999 | INFO | pair | 375 | registered pair to the world (id=236223201293, name=EcsWildcardMovement, type=None)

0:00:00.074999 | DEBUG | pair | 346 | returning existing pair: (pair=55834574861, name=EcsWildcardEcsWildcard)

0:00:00.074999 | INFO | __register_archetype_to_component | 499 | registered archetype to wildcard variants for component.
0:00:00.075999 | INFO | archetype | 407 | registered archetype to the world: (type=('EcsComponent', 'EcsTag', 'EcsWithMovement'))

0:00:00.075999 | DEBUG | archetype | 408 | 
                - ENTITIES:  ()
                - COLUMN_MAP: [0, -1, -1]
                - COLUMNS:    [[]]

            
0:00:00.075999 | DEBUG | traverse_archetype_cache | 977 | Cached archetype_record in archetype_cache: Archetype(type=('EcsComponent', 'EcsTag', 'EcsWithMovement')) for Component(id=236223201296, name=EcsWithMovement) with key add
0:00:00.075999 | INFO | traverse_archetype_cache | 983 | Traversed archetype_cache getting destination_archetype: Archetype(type=('EcsComponent', 'EcsTag', 'EcsWithMovement'))
0:00:00.075999 | INFO | __pop_entity_from | 606 | popped entity from archetype: EntityData(<Stack(size=1, top=ComponentRecord(type=type, archetype_map=ArchetypeMap(0 archetypes)))>: [ComponentRecord(type=type, archetype_map=ArchetypeMap(0 archetypes))])
0:00:00.075999 | INFO | __move_entity | 558 | moved entity from source to destination archetype: Entity(id=57, name=PlayerMovement) from Source(type=('EcsComponent', 'EcsTag')) to Destination(type=('EcsComponent', 'EcsTag', 'EcsWithMovement'))
0:00:00.075999 | INFO | ecs_add | 632 | 

  ---- ADDED COMPONENTS TO ENTITY ----

0:00:00.075999 | INFO | ecs_remove | 637 | 

---- REMOVING COMPONENTS FROM ENTITY ----

0:00:00.075999 | DEBUG | ecs_remove | 638 |  - Entity(id=56, name=Player) + Components('Position', 'Speed', 'Movement')

0:00:00.075999 | DEBUG | __move_entity | 518 | moving entity archetype: Entity(id=56, name=Player) with Components('Position', 'Speed', 'Movement') on is_remove

0:00:00.075999 | DEBUG | traverse_archetype_cache | 966 | Constructed a new component cache for component: Component(id=53, name=Position)
0:00:00.075999 | DEBUG | traverse_archetype_cache | 969 | Creating archetype cache for component: Component(id=53, name=Position) with key remove
0:00:00.075999 | INFO | __register_archetype_to_component | 470 | registered archetype to component: Archetype(type=('EcsEntity', 'Speed', 'Movement')) (component=3, component_name=EcsEntity) 
0:00:00.075999 | INFO | __register_archetype_to_component | 470 | registered archetype to component: Archetype(type=('EcsEntity', 'Speed', 'Movement')) (component=54, component_name=Speed) 
0:00:00.075999 | INFO | __register_archetype_to_component | 470 | registered archetype to component: Archetype(type=('EcsEntity', 'Speed', 'Movement')) (component=55, component_name=Movement) 
0:00:00.075999 | INFO | archetype | 407 | registered archetype to the world: (type=('EcsEntity', 'Speed', 'Movement'))

0:00:00.075999 | DEBUG | archetype | 408 | 
                - ENTITIES:  ()
                - COLUMN_MAP: [-1, 0, -1]
                - COLUMNS:    [[]]

            
0:00:00.075999 | DEBUG | traverse_archetype_cache | 977 | Cached archetype_record in archetype_cache: Archetype(type=('EcsEntity', 'Speed', 'Movement')) for Component(id=53, name=Position) with key remove
0:00:00.075999 | DEBUG | traverse_archetype_cache | 966 | Constructed a new component cache for component: Component(id=54, name=Speed)
0:00:00.075999 | DEBUG | traverse_archetype_cache | 969 | Creating archetype cache for component: Component(id=54, name=Speed) with key remove
0:00:00.075999 | INFO | __register_archetype_to_component | 470 | registered archetype to component: Archetype(type=('EcsEntity', 'Movement')) (component=3, component_name=EcsEntity) 
0:00:00.075999 | INFO | __register_archetype_to_component | 470 | registered archetype to component: Archetype(type=('EcsEntity', 'Movement')) (component=55, component_name=Movement) 
0:00:00.075999 | INFO | archetype | 407 | registered archetype to the world: (type=('EcsEntity', 'Movement'))

0:00:00.075999 | DEBUG | archetype | 408 | 
                - ENTITIES:  ()
                - COLUMN_MAP: [-1, -1]
                - COLUMNS:    []

            
0:00:00.075999 | DEBUG | traverse_archetype_cache | 977 | Cached archetype_record in archetype_cache: Archetype(type=('EcsEntity', 'Movement')) for Component(id=54, name=Speed) with key remove
0:00:00.075999 | DEBUG | traverse_archetype_cache | 966 | Constructed a new component cache for component: Component(id=55, name=Movement)
0:00:00.075999 | DEBUG | traverse_archetype_cache | 969 | Creating archetype cache for component: Component(id=55, name=Movement) with key remove
0:00:00.075999 | INFO | archetype | 415 | retrieved archetype from world: (type=('EcsEntity',))
0:00:00.075999 | DEBUG | traverse_archetype_cache | 977 | Cached archetype_record in archetype_cache: Archetype(type=('EcsEntity',)) for Component(id=55, name=Movement) with key remove
0:00:00.075999 | INFO | traverse_archetype_cache | 983 | Traversed archetype_cache getting destination_archetype: Archetype(type=('EcsEntity',))
0:00:00.075999 | INFO | __pop_entity_from | 606 | popped entity from archetype: EntityData(<Stack(size=0, top=None)>: [])
0:00:00.075999 | INFO | __move_entity | 558 | moved entity from source to destination archetype: Entity(id=56, name=Player) from Source(type=('EcsEntity', 'Position', 'Speed', 'Movement')) to Destination(type=('EcsEntity',))
0:00:00.075999 | INFO | ecs_remove | 640 | 

---- REMOVED COMPONENTS FROM ENTITY ----

0:00:00.075999 | INFO | ecs_add | 626 | 

  ---- ADDING COMPONENTS TO ENTITY ----

0:00:00.075999 | DEBUG | ecs_add | 629 |  - Entity(id=56, name=Player) + Components('PlayerMovement',)

0:00:00.077002 | DEBUG | __move_entity | 518 | moving entity archetype: Entity(id=56, name=Player) with Components('PlayerMovement',) on is_add

0:00:00.077002 | DEBUG | traverse_archetype_cache | 966 | Constructed a new component cache for component: Component(id=57, name=PlayerMovement)
0:00:00.077002 | DEBUG | traverse_archetype_cache | 969 | Creating archetype cache for component: Component(id=57, name=PlayerMovement) with key add
0:00:00.077002 | INFO | __get_ecs_with_components_from | 839 | Getting all components connected through ecs_with trait from component PlayerMovement
0:00:00.077002 | DEBUG | pair | 346 | returning existing pair: (pair=55834574864, name=EcsWithEcsWildcard)

0:00:00.077002 | CRITICAL | __get_ecs_with_components_from | 862 | with_pairs = ('EcsWithMovement',)
0:00:00.077002 | CRITICAL | __get_ecs_with_components_from | 873 | target: 55, name: Movement
0:00:00.077002 | DEBUG | __get_ecs_with_components_from | 885 | Got component Movement from ecs_with trait on PlayerMovement
0:00:00.077002 | DEBUG | pair | 346 | returning existing pair: (pair=55834574864, name=EcsWithEcsWildcard)

0:00:00.077002 | CRITICAL | __get_ecs_with_components_from | 862 | with_pairs = ('EcsWithPosition', 'EcsWithSpeed')
0:00:00.077002 | CRITICAL | __get_ecs_with_components_from | 873 | target: 53, name: Position
0:00:00.077002 | DEBUG | __get_ecs_with_components_from | 885 | Got component Position from ecs_with trait on Movement
0:00:00.077002 | DEBUG | pair | 346 | returning existing pair: (pair=55834574864, name=EcsWithEcsWildcard)

0:00:00.077002 | DEBUG | __get_ecs_with_components_from | 867 | returning components from get_ecs_with_components: ('Movement', 'Position')
0:00:00.077002 | CRITICAL | __get_ecs_with_components_from | 873 | target: 54, name: Speed
0:00:00.077002 | DEBUG | __get_ecs_with_components_from | 885 | Got component Speed from ecs_with trait on Movement
0:00:00.077002 | DEBUG | pair | 346 | returning existing pair: (pair=55834574864, name=EcsWithEcsWildcard)

0:00:00.077002 | DEBUG | __get_ecs_with_components_from | 867 | returning components from get_ecs_with_components: ('Movement', 'Position', 'Speed')
0:00:00.077002 | DEBUG | construct_destination_archetype_for_add_edge | 1087 | filtered source_components: [3]
0:00:00.077002 | INFO | construct_destination_archetype_for_add_edge | 1093 | Constructed destination components for add_edge: Components('EcsEntity', 'PlayerMovement', 'Position', 'Speed', 'Movement')
0:00:00.077002 | INFO | __register_archetype_to_component | 470 | registered archetype to component: Archetype(type=('EcsEntity', 'Position', 'Speed', 'Movement', 'PlayerMovement')) (component=3, component_name=EcsEntity) 
0:00:00.077002 | INFO | __register_archetype_to_component | 470 | registered archetype to component: Archetype(type=('EcsEntity', 'Position', 'Speed', 'Movement', 'PlayerMovement')) (component=53, component_name=Position) 
0:00:00.077002 | INFO | __register_archetype_to_component | 470 | registered archetype to component: Archetype(type=('EcsEntity', 'Position', 'Speed', 'Movement', 'PlayerMovement')) (component=54, component_name=Speed) 
0:00:00.077002 | INFO | __register_archetype_to_component | 470 | registered archetype to component: Archetype(type=('EcsEntity', 'Position', 'Speed', 'Movement', 'PlayerMovement')) (component=55, component_name=Movement) 
0:00:00.077002 | INFO | __register_archetype_to_component | 470 | registered archetype to component: Archetype(type=('EcsEntity', 'Position', 'Speed', 'Movement', 'PlayerMovement')) (component=57, component_name=PlayerMovement) 
0:00:00.077002 | INFO | archetype | 407 | registered archetype to the world: (type=('EcsEntity', 'Position', 'Speed', 'Movement', 'PlayerMovement'))

0:00:00.077002 | DEBUG | archetype | 408 | 
                - ENTITIES:  ()
                - COLUMN_MAP: [-1, 0, 1, -1, -1]
                - COLUMNS:    [[], []]

            
0:00:00.077002 | DEBUG | traverse_archetype_cache | 977 | Cached archetype_record in archetype_cache: Archetype(type=('EcsEntity', 'Position', 'Speed', 'Movement', 'PlayerMovement')) for Component(id=57, name=PlayerMovement) with key add
0:00:00.077002 | INFO | traverse_archetype_cache | 983 | Traversed archetype_cache getting destination_archetype: Archetype(type=('EcsEntity', 'Position', 'Speed', 'Movement', 'PlayerMovement'))
0:00:00.077002 | INFO | __pop_entity_from | 606 | popped entity from archetype: EntityData(<Stack(size=0, top=None)>: [])
0:00:00.077002 | INFO | __move_entity | 558 | moved entity from source to destination archetype: Entity(id=56, name=Player) from Source(type=('EcsEntity',)) to Destination(type=('EcsEntity', 'Position', 'Speed', 'Movement', 'PlayerMovement'))
0:00:00.077002 | INFO | ecs_add | 632 | 

  ---- ADDED COMPONENTS TO ENTITY ----

0:00:00.077002 | INFO | tag | 301 | registered tag to world: (id=58, name=Likes)

0:00:00.077002 | INFO | ecs_add | 626 | 

  ---- ADDING COMPONENTS TO ENTITY ----

0:00:00.077002 | DEBUG | ecs_add | 629 |  - Entity(id=58, name=Likes) + Components('EcsRelationship',)

0:00:00.077002 | DEBUG | __move_entity | 518 | moving entity archetype: Entity(id=58, name=Likes) with Components('EcsRelationship',) on is_add

0:00:00.077002 | INFO | traverse_archetype_cache | 983 | Traversed archetype_cache getting destination_archetype: Archetype(type=('EcsComponent', 'EcsTag', 'EcsRelationship'))
0:00:00.077002 | INFO | __pop_entity_from | 606 | popped entity from archetype: EntityData(<Stack(size=1, top=ComponentRecord(type=type, archetype_map=ArchetypeMap(0 archetypes)))>: [ComponentRecord(type=type, archetype_map=ArchetypeMap(0 archetypes))])
0:00:00.077002 | INFO | __move_entity | 558 | moved entity from source to destination archetype: Entity(id=58, name=Likes) from Source(type=('EcsComponent', 'EcsTag')) to Destination(type=('EcsComponent', 'EcsTag', 'EcsRelationship'))
0:00:00.077002 | INFO | ecs_add | 632 | 

  ---- ADDED COMPONENTS TO ENTITY ----

0:00:00.077002 | INFO | relationship | 323 | registered relationship to world: (id=58, name=Likes)

0:00:00.077002 | INFO | tag | 301 | registered tag to world: (id=59, name=Loves)

0:00:00.077002 | INFO | ecs_add | 626 | 

  ---- ADDING COMPONENTS TO ENTITY ----

0:00:00.078004 | DEBUG | ecs_add | 629 |  - Entity(id=59, name=Loves) + Components('EcsRelationship',)

0:00:00.078004 | DEBUG | __move_entity | 518 | moving entity archetype: Entity(id=59, name=Loves) with Components('EcsRelationship',) on is_add

0:00:00.078004 | INFO | traverse_archetype_cache | 983 | Traversed archetype_cache getting destination_archetype: Archetype(type=('EcsComponent', 'EcsTag', 'EcsRelationship'))
0:00:00.078004 | INFO | __pop_entity_from | 606 | popped entity from archetype: EntityData(<Stack(size=1, top=ComponentRecord(type=type, archetype_map=ArchetypeMap(0 archetypes)))>: [ComponentRecord(type=type, archetype_map=ArchetypeMap(0 archetypes))])
0:00:00.078004 | INFO | __move_entity | 558 | moved entity from source to destination archetype: Entity(id=59, name=Loves) from Source(type=('EcsComponent', 'EcsTag')) to Destination(type=('EcsComponent', 'EcsTag', 'EcsRelationship'))
0:00:00.078004 | INFO | ecs_add | 632 | 

  ---- ADDED COMPONENTS TO ENTITY ----

0:00:00.078004 | INFO | relationship | 323 | registered relationship to world: (id=59, name=Loves)

0:00:00.078004 | INFO | entity | 255 | registered entity to world: (id=60, name=Cheesecake)

0:00:00.078004 | INFO | entity | 255 | registered entity to world: (id=61, name=CheeseCakeEnjoyer)

0:00:00.078004 | INFO | tag | 301 | registered tag to world: (id=249108103184, name=EcsWithLikes)

0:00:00.078004 | INFO | ecs_add | 626 | 

  ---- ADDING COMPONENTS TO ENTITY ----

0:00:00.078004 | DEBUG | ecs_add | 629 |  - Entity(id=249108103184, name=EcsWithLikes) + Components('EcsPair',)

0:00:00.078004 | DEBUG | __move_entity | 518 | moving entity archetype: Entity(id=249108103184, name=EcsWithLikes) with Components('EcsPair',) on is_add

0:00:00.078004 | INFO | traverse_archetype_cache | 983 | Traversed archetype_cache getting destination_archetype: Archetype(type=('EcsComponent', 'EcsTag', 'EcsPair'))
0:00:00.078004 | INFO | __pop_entity_from | 606 | popped entity from archetype: EntityData(<Stack(size=1, top=ComponentRecord(type=type, archetype_map=ArchetypeMap(0 archetypes)))>: [ComponentRecord(type=type, archetype_map=ArchetypeMap(0 archetypes))])
0:00:00.078004 | INFO | __move_entity | 558 | moved entity from source to destination archetype: Entity(id=249108103184, name=EcsWithLikes) from Source(type=('EcsComponent', 'EcsTag')) to Destination(type=('EcsComponent', 'EcsTag', 'EcsPair'))
0:00:00.078004 | INFO | ecs_add | 632 | 

  ---- ADDED COMPONENTS TO ENTITY ----

0:00:00.078004 | INFO | pair | 375 | registered pair to the world (id=249108103184, name=EcsWithLikes, type=None)

0:00:00.078004 | INFO | ecs_add | 626 | 

  ---- ADDING COMPONENTS TO ENTITY ----

0:00:00.078004 | DEBUG | ecs_add | 629 |  - Entity(id=59, name=Loves) + Components('EcsWithLikes',)

0:00:00.078004 | DEBUG | __move_entity | 518 | moving entity archetype: Entity(id=59, name=Loves) with Components('EcsWithLikes',) on is_add

0:00:00.078004 | DEBUG | traverse_archetype_cache | 966 | Constructed a new component cache for component: Component(id=249108103184, name=EcsWithLikes)
0:00:00.078004 | DEBUG | traverse_archetype_cache | 969 | Creating archetype cache for component: Component(id=249108103184, name=EcsWithLikes) with key add
0:00:00.078004 | INFO | __get_ecs_with_components_from | 839 | Getting all components connected through ecs_with trait from component EcsWithLikes
0:00:00.078004 | DEBUG | pair | 346 | returning existing pair: (pair=55834574864, name=EcsWithEcsWildcard)

0:00:00.078004 | DEBUG | pair | 346 | returning existing pair: (pair=55834574864, name=EcsWithEcsWildcard)

0:00:00.078004 | DEBUG | __get_ecs_with_components_from | 867 | returning components from get_ecs_with_components: ()
0:00:00.078004 | DEBUG | construct_destination_archetype_for_add_edge | 1087 | filtered source_components: [1, 2, 4]
0:00:00.078004 | INFO | construct_destination_archetype_for_add_edge | 1093 | Constructed destination components for add_edge: Components('EcsComponent', 'EcsTag', 'EcsRelationship', 'EcsWithLikes')
0:00:00.078004 | INFO | __register_archetype_to_component | 470 | registered archetype to component: Archetype(type=('EcsComponent', 'EcsTag', 'EcsRelationship', 'EcsWithLikes')) (component=1, component_name=EcsComponent) 
0:00:00.078004 | INFO | __register_archetype_to_component | 470 | registered archetype to component: Archetype(type=('EcsComponent', 'EcsTag', 'EcsRelationship', 'EcsWithLikes')) (component=2, component_name=EcsTag) 
0:00:00.079002 | INFO | __register_archetype_to_component | 470 | registered archetype to component: Archetype(type=('EcsComponent', 'EcsTag', 'EcsRelationship', 'EcsWithLikes')) (component=4, component_name=EcsRelationship) 
0:00:00.079002 | INFO | __register_archetype_to_component | 470 | registered archetype to component: Archetype(type=('EcsComponent', 'EcsTag', 'EcsRelationship', 'EcsWithLikes')) (component=249108103184, component_name=EcsWithLikes) 
0:00:00.079002 | DEBUG | pair | 346 | returning existing pair: (pair=55834574864, name=EcsWithEcsWildcard)

0:00:00.079002 | INFO | tag | 301 | registered tag to world: (id=249108103181, name=EcsWildcardLikes)

0:00:00.079002 | INFO | ecs_add | 627 | 

        ____ADDING WILDCARD____


0:00:00.079002 | DEBUG | ecs_add | 629 |  - Entity(id=249108103181, name=EcsWildcardLikes) + Components('EcsPair',)

0:00:00.079002 | DEBUG | __move_entity | 518 | moving entity archetype: Entity(id=249108103181, name=EcsWildcardLikes) with Components('EcsPair',) on is_add

0:00:00.079002 | INFO | traverse_archetype_cache | 983 | Traversed archetype_cache getting destination_archetype: Archetype(type=('EcsComponent', 'EcsTag', 'EcsPair'))
0:00:00.079002 | INFO | __pop_entity_from | 606 | popped entity from archetype: EntityData(<Stack(size=1, top=ComponentRecord(type=type, archetype_map=ArchetypeMap(0 archetypes)))>: [ComponentRecord(type=type, archetype_map=ArchetypeMap(0 archetypes))])
0:00:00.079002 | INFO | __move_entity | 558 | moved entity from source to destination archetype: Entity(id=249108103181, name=EcsWildcardLikes) from Source(type=('EcsComponent', 'EcsTag')) to Destination(type=('EcsComponent', 'EcsTag', 'EcsPair'))
0:00:00.079002 | INFO | ecs_add | 633 | 

        ____ADDED WILDCARD___

0:00:00.079002 | INFO | pair | 375 | registered pair to the world (id=249108103181, name=EcsWildcardLikes, type=None)

0:00:00.079002 | DEBUG | pair | 346 | returning existing pair: (pair=55834574861, name=EcsWildcardEcsWildcard)

0:00:00.079002 | INFO | __register_archetype_to_component | 499 | registered archetype to wildcard variants for component.
0:00:00.079002 | INFO | archetype | 407 | registered archetype to the world: (type=('EcsComponent', 'EcsTag', 'EcsRelationship', 'EcsWithLikes'))

0:00:00.079002 | DEBUG | archetype | 408 | 
                - ENTITIES:  ()
                - COLUMN_MAP: [0, -1, -1, -1]
                - COLUMNS:    [[]]

            
0:00:00.079002 | DEBUG | traverse_archetype_cache | 977 | Cached archetype_record in archetype_cache: Archetype(type=('EcsComponent', 'EcsTag', 'EcsRelationship', 'EcsWithLikes')) for Component(id=249108103184, name=EcsWithLikes) with key add
0:00:00.079002 | INFO | traverse_archetype_cache | 983 | Traversed archetype_cache getting destination_archetype: Archetype(type=('EcsComponent', 'EcsTag', 'EcsRelationship', 'EcsWithLikes'))
0:00:00.079002 | INFO | __pop_entity_from | 606 | popped entity from archetype: EntityData(<Stack(size=1, top=ComponentRecord(type=type, archetype_map=ArchetypeMap(0 archetypes)))>: [ComponentRecord(type=type, archetype_map=ArchetypeMap(0 archetypes))])
0:00:00.079002 | INFO | __move_entity | 558 | moved entity from source to destination archetype: Entity(id=59, name=Loves) from Source(type=('EcsComponent', 'EcsTag', 'EcsRelationship')) to Destination(type=('EcsComponent', 'EcsTag', 'EcsRelationship', 'EcsWithLikes'))
0:00:00.079002 | INFO | ecs_add | 632 | 

  ---- ADDED COMPONENTS TO ENTITY ----

0:00:00.079002 | INFO | tag | 301 | registered tag to world: (id=257698037819, name=LovesCheesecake)

0:00:00.079002 | INFO | ecs_add | 626 | 

  ---- ADDING COMPONENTS TO ENTITY ----

0:00:00.079002 | DEBUG | ecs_add | 629 |  - Entity(id=257698037819, name=LovesCheesecake) + Components('EcsPair',)

0:00:00.079002 | DEBUG | __move_entity | 518 | moving entity archetype: Entity(id=257698037819, name=LovesCheesecake) with Components('EcsPair',) on is_add

0:00:00.079002 | INFO | traverse_archetype_cache | 983 | Traversed archetype_cache getting destination_archetype: Archetype(type=('EcsComponent', 'EcsTag', 'EcsPair'))
0:00:00.079002 | INFO | __pop_entity_from | 606 | popped entity from archetype: EntityData(<Stack(size=1, top=ComponentRecord(type=type, archetype_map=ArchetypeMap(0 archetypes)))>: [ComponentRecord(type=type, archetype_map=ArchetypeMap(0 archetypes))])
0:00:00.079002 | INFO | __move_entity | 558 | moved entity from source to destination archetype: Entity(id=257698037819, name=LovesCheesecake) from Source(type=('EcsComponent', 'EcsTag')) to Destination(type=('EcsComponent', 'EcsTag', 'EcsPair'))
0:00:00.079002 | INFO | ecs_add | 632 | 

  ---- ADDED COMPONENTS TO ENTITY ----

0:00:00.079002 | INFO | pair | 375 | registered pair to the world (id=257698037819, name=LovesCheesecake, type=None)

0:00:00.079002 | INFO | ecs_add | 626 | 

  ---- ADDING COMPONENTS TO ENTITY ----

0:00:00.079002 | DEBUG | ecs_add | 629 |  - Entity(id=61, name=CheeseCakeEnjoyer) + Components('LovesCheesecake',)

0:00:00.079002 | DEBUG | __move_entity | 518 | moving entity archetype: Entity(id=61, name=CheeseCakeEnjoyer) with Components('LovesCheesecake',) on is_add

0:00:00.079002 | DEBUG | traverse_archetype_cache | 966 | Constructed a new component cache for component: Component(id=257698037819, name=LovesCheesecake)
0:00:00.079002 | DEBUG | traverse_archetype_cache | 969 | Creating archetype cache for component: Component(id=257698037819, name=LovesCheesecake) with key add
0:00:00.079002 | INFO | __get_ecs_with_components_from | 839 | Getting all components connected through ecs_with trait from component LovesCheesecake
0:00:00.079002 | DEBUG | pair | 346 | returning existing pair: (pair=55834574864, name=EcsWithEcsWildcard)

0:00:00.079002 | DEBUG | pair | 346 | returning existing pair: (pair=55834574864, name=EcsWithEcsWildcard)

0:00:00.079002 | CRITICAL | __get_ecs_with_components_from | 862 | with_pairs = ('EcsWithLikes',)
0:00:00.079002 | CRITICAL | __get_ecs_with_components_from | 873 | target: 58, name: Likes
0:00:00.079002 | INFO | tag | 301 | registered tag to world: (id=257698037818, name=LikesCheesecake)

0:00:00.080003 | INFO | ecs_add | 626 | 

  ---- ADDING COMPONENTS TO ENTITY ----

0:00:00.080003 | DEBUG | ecs_add | 629 |  - Entity(id=257698037818, name=LikesCheesecake) + Components('EcsPair',)

0:00:00.080003 | DEBUG | __move_entity | 518 | moving entity archetype: Entity(id=257698037818, name=LikesCheesecake) with Components('EcsPair',) on is_add

0:00:00.080003 | INFO | traverse_archetype_cache | 983 | Traversed archetype_cache getting destination_archetype: Archetype(type=('EcsComponent', 'EcsTag', 'EcsPair'))
0:00:00.080003 | INFO | __pop_entity_from | 606 | popped entity from archetype: EntityData(<Stack(size=1, top=ComponentRecord(type=type, archetype_map=ArchetypeMap(0 archetypes)))>: [ComponentRecord(type=type, archetype_map=ArchetypeMap(0 archetypes))])
0:00:00.080003 | INFO | __move_entity | 558 | moved entity from source to destination archetype: Entity(id=257698037818, name=LikesCheesecake) from Source(type=('EcsComponent', 'EcsTag')) to Destination(type=('EcsComponent', 'EcsTag', 'EcsPair'))
0:00:00.080003 | INFO | ecs_add | 632 | 

  ---- ADDED COMPONENTS TO ENTITY ----

0:00:00.080003 | INFO | pair | 375 | registered pair to the world (id=257698037818, name=LikesCheesecake, type=None)

0:00:00.080003 | DEBUG | __get_ecs_with_components_from | 885 | Got component LikesCheesecake from ecs_with trait on LovesCheesecake
0:00:00.080003 | DEBUG | pair | 346 | returning existing pair: (pair=55834574864, name=EcsWithEcsWildcard)

0:00:00.080003 | DEBUG | pair | 346 | returning existing pair: (pair=55834574864, name=EcsWithEcsWildcard)

0:00:00.080003 | DEBUG | __get_ecs_with_components_from | 867 | returning components from get_ecs_with_components: ('LikesCheesecake',)
0:00:00.080003 | DEBUG | construct_destination_archetype_for_add_edge | 1087 | filtered source_components: [3]
0:00:00.080003 | INFO | construct_destination_archetype_for_add_edge | 1093 | Constructed destination components for add_edge: Components('EcsEntity', 'LikesCheesecake', 'LovesCheesecake')
0:00:00.080003 | INFO | __register_archetype_to_component | 470 | registered archetype to component: Archetype(type=('EcsEntity', 'LikesCheesecake', 'LovesCheesecake')) (component=3, component_name=EcsEntity) 
0:00:00.080003 | INFO | __register_archetype_to_component | 470 | registered archetype to component: Archetype(type=('EcsEntity', 'LikesCheesecake', 'LovesCheesecake')) (component=257698037818, component_name=LikesCheesecake) 
0:00:00.080003 | INFO | tag | 301 | registered tag to world: (id=55834574906, name=LikesEcsWildcard)

0:00:00.080003 | INFO | ecs_add | 627 | 

        ____ADDING WILDCARD____


0:00:00.080003 | DEBUG | ecs_add | 629 |  - Entity(id=55834574906, name=LikesEcsWildcard) + Components('EcsPair',)

0:00:00.080003 | DEBUG | __move_entity | 518 | moving entity archetype: Entity(id=55834574906, name=LikesEcsWildcard) with Components('EcsPair',) on is_add

0:00:00.080003 | INFO | traverse_archetype_cache | 983 | Traversed archetype_cache getting destination_archetype: Archetype(type=('EcsComponent', 'EcsTag', 'EcsPair'))
0:00:00.080003 | INFO | __pop_entity_from | 606 | popped entity from archetype: EntityData(<Stack(size=1, top=ComponentRecord(type=type, archetype_map=ArchetypeMap(0 archetypes)))>: [ComponentRecord(type=type, archetype_map=ArchetypeMap(0 archetypes))])
0:00:00.080003 | INFO | __move_entity | 558 | moved entity from source to destination archetype: Entity(id=55834574906, name=LikesEcsWildcard) from Source(type=('EcsComponent', 'EcsTag')) to Destination(type=('EcsComponent', 'EcsTag', 'EcsPair'))
0:00:00.080003 | INFO | ecs_add | 633 | 

        ____ADDED WILDCARD___

0:00:00.080003 | INFO | pair | 375 | registered pair to the world (id=55834574906, name=LikesEcsWildcard, type=None)

0:00:00.080003 | INFO | tag | 301 | registered tag to world: (id=257698037773, name=EcsWildcardCheesecake)

0:00:00.080003 | INFO | ecs_add | 627 | 

        ____ADDING WILDCARD____


0:00:00.080003 | DEBUG | ecs_add | 629 |  - Entity(id=257698037773, name=EcsWildcardCheesecake) + Components('EcsPair',)

0:00:00.080003 | DEBUG | __move_entity | 518 | moving entity archetype: Entity(id=257698037773, name=EcsWildcardCheesecake) with Components('EcsPair',) on is_add

0:00:00.080003 | INFO | traverse_archetype_cache | 983 | Traversed archetype_cache getting destination_archetype: Archetype(type=('EcsComponent', 'EcsTag', 'EcsPair'))
0:00:00.080003 | INFO | __pop_entity_from | 606 | popped entity from archetype: EntityData(<Stack(size=1, top=ComponentRecord(type=type, archetype_map=ArchetypeMap(0 archetypes)))>: [ComponentRecord(type=type, archetype_map=ArchetypeMap(0 archetypes))])
0:00:00.080003 | INFO | __move_entity | 558 | moved entity from source to destination archetype: Entity(id=257698037773, name=EcsWildcardCheesecake) from Source(type=('EcsComponent', 'EcsTag')) to Destination(type=('EcsComponent', 'EcsTag', 'EcsPair'))
0:00:00.080003 | INFO | ecs_add | 633 | 

        ____ADDED WILDCARD___

0:00:00.080003 | INFO | pair | 375 | registered pair to the world (id=257698037773, name=EcsWildcardCheesecake, type=None)

0:00:00.080003 | DEBUG | pair | 346 | returning existing pair: (pair=55834574861, name=EcsWildcardEcsWildcard)

0:00:00.080003 | INFO | __register_archetype_to_component | 499 | registered archetype to wildcard variants for component.
0:00:00.080003 | INFO | __register_archetype_to_component | 470 | registered archetype to component: Archetype(type=('EcsEntity', 'LikesCheesecake', 'LovesCheesecake')) (component=257698037819, component_name=LovesCheesecake) 
0:00:00.080003 | INFO | tag | 301 | registered tag to world: (id=55834574907, name=LovesEcsWildcard)

0:00:00.080003 | INFO | ecs_add | 627 | 

        ____ADDING WILDCARD____


0:00:00.080003 | DEBUG | ecs_add | 629 |  - Entity(id=55834574907, name=LovesEcsWildcard) + Components('EcsPair',)

0:00:00.080003 | DEBUG | __move_entity | 518 | moving entity archetype: Entity(id=55834574907, name=LovesEcsWildcard) with Components('EcsPair',) on is_add

0:00:00.080003 | INFO | traverse_archetype_cache | 983 | Traversed archetype_cache getting destination_archetype: Archetype(type=('EcsComponent', 'EcsTag', 'EcsPair'))
0:00:00.080003 | INFO | __pop_entity_from | 606 | popped entity from archetype: EntityData(<Stack(size=1, top=ComponentRecord(type=type, archetype_map=ArchetypeMap(0 archetypes)))>: [ComponentRecord(type=type, archetype_map=ArchetypeMap(0 archetypes))])
0:00:00.081002 | INFO | __move_entity | 558 | moved entity from source to destination archetype: Entity(id=55834574907, name=LovesEcsWildcard) from Source(type=('EcsComponent', 'EcsTag')) to Destination(type=('EcsComponent', 'EcsTag', 'EcsPair'))
0:00:00.081002 | INFO | ecs_add | 633 | 

        ____ADDED WILDCARD___

0:00:00.081002 | INFO | pair | 375 | registered pair to the world (id=55834574907, name=LovesEcsWildcard, type=None)

0:00:00.081002 | DEBUG | pair | 346 | returning existing pair: (pair=257698037773, name=EcsWildcardCheesecake)

0:00:00.081002 | DEBUG | pair | 346 | returning existing pair: (pair=55834574861, name=EcsWildcardEcsWildcard)

0:00:00.081002 | INFO | __register_archetype_to_component | 499 | registered archetype to wildcard variants for component.
0:00:00.081002 | INFO | archetype | 407 | registered archetype to the world: (type=('EcsEntity', 'LikesCheesecake', 'LovesCheesecake'))

0:00:00.081002 | DEBUG | archetype | 408 | 
                - ENTITIES:  ()
                - COLUMN_MAP: [-1, -1, -1]
                - COLUMNS:    []

            
0:00:00.081002 | DEBUG | traverse_archetype_cache | 977 | Cached archetype_record in archetype_cache: Archetype(type=('EcsEntity', 'LikesCheesecake', 'LovesCheesecake')) for Component(id=257698037819, name=LovesCheesecake) with key add
0:00:00.081002 | INFO | traverse_archetype_cache | 983 | Traversed archetype_cache getting destination_archetype: Archetype(type=('EcsEntity', 'LikesCheesecake', 'LovesCheesecake'))
0:00:00.081002 | INFO | __pop_entity_from | 606 | popped entity from archetype: EntityData(<Stack(size=0, top=None)>: [])
0:00:00.081002 | INFO | __move_entity | 558 | moved entity from source to destination archetype: Entity(id=61, name=CheeseCakeEnjoyer) from Source(type=('EcsEntity',)) to Destination(type=('EcsEntity', 'LikesCheesecake', 'LovesCheesecake'))
0:00:00.081002 | INFO | ecs_add | 632 | 

  ---- ADDED COMPONENTS TO ENTITY ----

0:00:00.081002 | INFO | entity | 255 | registered entity to world: (id=62, name=SpeedyBoy)

0:00:00.081002 | INFO | ecs_add | 626 | 

  ---- ADDING COMPONENTS TO ENTITY ----

0:00:00.081002 | DEBUG | ecs_add | 629 |  - Entity(id=62, name=SpeedyBoy) + Components('Speed',)

0:00:00.081002 | DEBUG | __move_entity | 518 | moving entity archetype: Entity(id=62, name=SpeedyBoy) with Components('Speed',) on is_add

0:00:00.081002 | DEBUG | traverse_archetype_cache | 966 | Constructed a new component cache for component: Component(id=54, name=Speed)
0:00:00.081002 | DEBUG | traverse_archetype_cache | 969 | Creating archetype cache for component: Component(id=54, name=Speed) with key add
0:00:00.081002 | INFO | __get_ecs_with_components_from | 839 | Getting all components connected through ecs_with trait from component Speed
0:00:00.081002 | DEBUG | pair | 346 | returning existing pair: (pair=55834574864, name=EcsWithEcsWildcard)

0:00:00.081002 | DEBUG | __get_ecs_with_components_from | 867 | returning components from get_ecs_with_components: ()
0:00:00.081002 | DEBUG | construct_destination_archetype_for_add_edge | 1087 | filtered source_components: [3]
0:00:00.081002 | INFO | construct_destination_archetype_for_add_edge | 1093 | Constructed destination components for add_edge: Components('EcsEntity', 'Speed')
0:00:00.081002 | INFO | __register_archetype_to_component | 470 | registered archetype to component: Archetype(type=('EcsEntity', 'Speed')) (component=3, component_name=EcsEntity) 
0:00:00.082001 | INFO | __register_archetype_to_component | 470 | registered archetype to component: Archetype(type=('EcsEntity', 'Speed')) (component=54, component_name=Speed) 
0:00:00.082001 | INFO | archetype | 407 | registered archetype to the world: (type=('EcsEntity', 'Speed'))

0:00:00.082001 | DEBUG | archetype | 408 | 
                - ENTITIES:  ()
                - COLUMN_MAP: [-1, 0]
                - COLUMNS:    [[]]

            
0:00:00.082001 | DEBUG | traverse_archetype_cache | 977 | Cached archetype_record in archetype_cache: Archetype(type=('EcsEntity', 'Speed')) for Component(id=54, name=Speed) with key add
0:00:00.082001 | INFO | traverse_archetype_cache | 983 | Traversed archetype_cache getting destination_archetype: Archetype(type=('EcsEntity', 'Speed'))
0:00:00.082001 | INFO | __pop_entity_from | 606 | popped entity from archetype: EntityData(<Stack(size=0, top=None)>: [])
0:00:00.082001 | INFO | __move_entity | 558 | moved entity from source to destination archetype: Entity(id=62, name=SpeedyBoy) from Source(type=('EcsEntity',)) to Destination(type=('EcsEntity', 'Speed'))
0:00:00.082001 | INFO | ecs_add | 632 | 

  ---- ADDED COMPONENTS TO ENTITY ----

0:00:00.082001 | INFO | ecs_add | 626 | 

  ---- ADDING COMPONENTS TO ENTITY ----

0:00:00.082001 | DEBUG | ecs_add | 629 |  - Entity(id=62, name=SpeedyBoy) + Components('Movement',)

0:00:00.082001 | DEBUG | __move_entity | 518 | moving entity archetype: Entity(id=62, name=SpeedyBoy) with Components('Movement',) on is_add

0:00:00.082001 | DEBUG | traverse_archetype_cache | 966 | Constructed a new component cache for component: Component(id=55, name=Movement)
0:00:00.082001 | DEBUG | traverse_archetype_cache | 969 | Creating archetype cache for component: Component(id=55, name=Movement) with key add
0:00:00.082001 | INFO | __get_ecs_with_components_from | 839 | Getting all components connected through ecs_with trait from component Movement
0:00:00.082001 | DEBUG | pair | 346 | returning existing pair: (pair=55834574864, name=EcsWithEcsWildcard)

0:00:00.082001 | CRITICAL | __get_ecs_with_components_from | 862 | with_pairs = ('EcsWithPosition', 'EcsWithSpeed')
0:00:00.082001 | CRITICAL | __get_ecs_with_components_from | 873 | target: 53, name: Position
0:00:00.082001 | DEBUG | __get_ecs_with_components_from | 885 | Got component Position from ecs_with trait on Movement
0:00:00.082001 | DEBUG | pair | 346 | returning existing pair: (pair=55834574864, name=EcsWithEcsWildcard)

0:00:00.082001 | DEBUG | __get_ecs_with_components_from | 867 | returning components from get_ecs_with_components: ('Position',)
0:00:00.082001 | CRITICAL | __get_ecs_with_components_from | 873 | target: 54, name: Speed
0:00:00.082001 | DEBUG | __get_ecs_with_components_from | 885 | Got component Speed from ecs_with trait on Movement
0:00:00.082001 | DEBUG | pair | 346 | returning existing pair: (pair=55834574864, name=EcsWithEcsWildcard)

0:00:00.082001 | DEBUG | __get_ecs_with_components_from | 867 | returning components from get_ecs_with_components: ('Position', 'Speed')
0:00:00.082001 | WARNING | construct_destination_archetype_for_add_edge | 1046 | Invalid component 54 skipped as already in archetype / validated_components.
0:00:00.082001 | DEBUG | construct_destination_archetype_for_add_edge | 1087 | filtered source_components: [3, 54]
0:00:00.083003 | INFO | construct_destination_archetype_for_add_edge | 1093 | Constructed destination components for add_edge: Components('EcsEntity', 'Speed', 'Position', 'Movement')
0:00:00.083003 | INFO | archetype | 415 | retrieved archetype from world: (type=('EcsEntity', 'Position', 'Speed', 'Movement'))
0:00:00.083003 | DEBUG | traverse_archetype_cache | 977 | Cached archetype_record in archetype_cache: Archetype(type=('EcsEntity', 'Position', 'Speed', 'Movement')) for Component(id=55, name=Movement) with key add
0:00:00.083003 | INFO | traverse_archetype_cache | 983 | Traversed archetype_cache getting destination_archetype: Archetype(type=('EcsEntity', 'Position', 'Speed', 'Movement'))
0:00:00.083003 | INFO | __pop_entity_from | 606 | popped entity from archetype: EntityData(<Stack(size=1, top=Speed(speed=16))>: [Speed(speed=16)])
0:00:00.083003 | INFO | __move_entity | 558 | moved entity from source to destination archetype: Entity(id=62, name=SpeedyBoy) from Source(type=('EcsEntity', 'Speed')) to Destination(type=('EcsEntity', 'Position', 'Speed', 'Movement'))
0:00:00.083003 | INFO | ecs_add | 632 | 

  ---- ADDED COMPONENTS TO ENTITY ----

0:00:00.083003 | INFO | entity | 255 | registered entity to world: (id=63, name=TypeTraitTestEntity)

0:00:00.084003 | DEBUG | pair | 346 | returning existing pair: (pair=38654705672, name=EcsOnInstantiateEcsDontInherit)

